Project,Version,Class,wmc,dit,noc,cbo,rfc,lcom,ca,ce,npm,lcom3,loc,dam,moa,mfa,cam,ic,cbm,amc,nr,ndc,nml,isOld,ndpv,ner,max(cc),avg(cc),bugs
jEdit,3.2.1,org.gjt.sp.jedit.browser.BrowserPopupMenu,5,5,0,14,45,6,4,11,1,0.8333333,458,1.0,3,0.99443674,0.32,0,0,90.0,,,,,,,3,1.4,0
jEdit,3.2.1,org.gjt.sp.jedit.gui.EnhancedButton,3,6,0,3,13,3,1,2,3,2.0,45,0.0,0,0.9973822,0.5,2,2,14.0,,,,,,,1,0.6666667,0
jEdit,3.2.1,org.gjt.sp.jedit.options.WindowTableModel$WindowCompare,2,1,0,3,4,1,1,3,1,1.0,21,1.0,1,0.0,0.6666667,0,0,9.0,,,,,,,1,0.5,0
jEdit,3.2.1,bsh.LHS,8,1,0,15,31,0,8,9,3,0.76623374,356,0.0,1,0.0,0.375,0,0,42.125,,,,,,,1,0.375,0
jEdit,3.2.1,org.gjt.sp.jedit.browser.BrowserView$ClearTypeSelect,2,1,0,2,7,0,1,2,1,0.0,19,1.0,1,0.0,0.6666667,0,0,8.0,,,,,,,1,0.5,0
jEdit,3.2.1,bsh.Parser,399,1,0,47,487,0,1,47,82,0.71839195,23350,0.8,8,0.0,0.18337509999999999,0,0,57.458645,,,,,,,46,5.5438595,0
jEdit,3.2.1,org.gjt.sp.jedit.gui.TipOfTheDay,6,7,0,6,18,13,3,4,3,0.8,55,1.0,0,0.99240124,0.25,0,0,8.0,,,,,,,1,0.8333333,2
jEdit,3.2.1,org.gjt.sp.jedit.pluginmgr.PluginManagerProgress$WindowHandler,3,2,0,2,10,0,1,2,2,0.5,43,0.5,1,0.8333333,0.6666667,0,0,12.666667,,,,,,,3,1.3333334,0
jEdit,3.2.1,org.gjt.sp.jedit.gui.OptionsDialog,14,7,0,24,106,69,3,24,8,0.86923075,708,1.0,2,0.9804805,0.17460318,0,0,48.857143,,,,,,,9,2.2142856,2
jEdit,3.2.1,org.gjt.sp.jedit.io.VFSManager,23,1,0,39,64,159,33,13,16,0.85858583,300,1.0,3,0.0,0.103896104,0,0,11.652174,,,,,,,9,1.4782608999999998,2
jEdit,3.2.1,gnu.regexp.REException,4,3,0,4,13,0,4,1,3,1.2222222,71,0.13333334,0,0.85,0.5,1,1,13.0,,,,,,,1,0.75,0
jEdit,3.2.1,org.gjt.sp.jedit.options.EditingOptionPane,3,6,0,4,23,1,1,3,1,0.5,330,1.0,0,0.99698794,1.0,2,4,105.33333600000002,,,,,,,3,1.3333334,3
jEdit,3.2.1,org.gjt.sp.jedit.options.ToolBarOptionPane$ButtonCellRenderer,2,6,0,2,6,1,1,1,1,2.0,26,0.0,0,0.99856734,0.6,1,1,12.0,,,,,,,1,0.5,0
jEdit,3.2.1,org.gjt.sp.jedit.gui.DockableWindowManager$Entry,1,1,0,3,2,0,1,2,0,2.0,16,0.0,2,0.0,1.0,0,0,12.0,,,,,,,0,0.0,0
jEdit,3.2.1,org.gjt.sp.jedit.Buffer$FoldListener,2,1,0,3,2,1,3,0,2,2.0,2,0.0,0,0.0,0.75,0,0,0.0,,,,,,,1,1.0,0
jEdit,3.2.1,org.gjt.sp.jedit.browser.BrowserView$TreeHandler,3,1,0,3,14,0,1,3,2,0.0,66,1.0,1,0.0,0.6666667,0,0,20.666666,,,,,,,3,1.6666666,0
jEdit,3.2.1,org.gjt.sp.jedit.MiscUtilities$StringICaseCompare,2,1,0,6,6,1,5,1,2,2.0,13,0.0,0,0.0,0.75,0,0,5.5,,,,,,,1,0.5,0
jEdit,3.2.1,org.gjt.sp.jedit.pluginmgr.PluginList$Dependency,5,1,0,9,20,0,4,6,1,0.25,244,0.0,1,0.0,0.45,0,0,46.8,,,,,,,18,6.2,0
jEdit,3.2.1,org.gjt.sp.jedit.options.ModeOptionPane,12,6,0,6,38,28,3,5,1,0.39234450000000004,645,1.0,2,0.9836553,0.5,1,3,51.166668,,,,,,,5,1.4166666,3
jEdit,3.2.1,org.gjt.sp.jedit.gui.DockableWindowManager$DockableLayout,11,1,0,1,21,41,1,1,10,0.56666666,402,0.16666667,1,0.0,0.36363637,0,0,35.0,,,,,,,10,2.6363637000000004,0
jEdit,3.2.1,org.gjt.sp.jedit.gui.CloseDialog,14,7,0,7,54,65,3,7,4,0.84615386,313,1.0,1,0.9804805,0.2857143,0,0,20.857143,,,,,,,3,1.0714285,3
jEdit,3.2.1,org.gjt.sp.jedit.options.ToolBarOptionPane$IconListEntry,1,1,0,3,2,0,3,0,0,2.0,12,0.0,0,0.0,1.0,0,0,9.0,,,,,,,0,0.0,0
jEdit,3.2.1,org.gjt.sp.jedit.Registers$StringRegister,4,1,0,2,5,0,1,1,4,0.33333334,19,1.0,0,0.0,0.75,0,0,3.5,,,,,,,1,0.75,0
jEdit,3.2.1,org.gjt.sp.jedit.gui.IOProgressMonitor$ThreadProgress,5,5,0,7,31,0,3,6,2,0.625,144,1.0,1,0.99391174,0.35,1,1,27.0,,,,,,,2,1.0,0
jEdit,3.2.1,org.gjt.sp.jedit.EditServer,6,2,0,6,50,9,3,5,3,0.8,305,1.0,0,0.92424244,0.30555555,0,0,49.166668,,,,,,,8,2.0,4
jEdit,3.2.1,org.gjt.sp.jedit.options.ContextOptionPane$MenuItemCompare,2,1,0,3,5,1,1,3,1,1.0,19,1.0,1,0.0,0.6666667,0,0,8.0,,,,,,,1,0.5,0
jEdit,3.2.1,org.gjt.sp.jedit.gui.HelpViewer$KeyHandler,2,2,0,1,7,0,1,1,1,0.0,22,1.0,1,0.75,0.6666667,0,0,9.5,,,,,,,2,1.0,0
jEdit,3.2.1,bsh.BSHForStatement,2,2,0,12,10,1,1,11,1,1.125,137,0.625,4,0.94736844,0.625,1,1,63.5,,,,,,,1,0.5,0
jEdit,3.2.1,org.gjt.sp.jedit.textarea.Gutter,30,4,0,10,73,337,7,7,25,0.92720306,628,1.0,3,0.95703703,0.12777779,3,18,19.333334,,,,,,,20,1.9,8
jEdit,3.2.1,org.gjt.sp.jedit.JARClassLoader,14,2,0,11,88,35,6,7,8,0.6730769,889,1.0,1,0.84210527,0.61904764,1,7,62.214287,,,,,,,10,2.0714285,4
jEdit,3.2.1,org.gjt.sp.jedit.gui.StatusBar$MiniIOProgress,6,4,0,7,35,9,2,6,6,0.8,169,1.0,1,0.9923195,0.33333334,2,9,26.833334000000004,,,,,,,5,1.5,0
jEdit,3.2.1,org.gjt.sp.jedit.io.BufferIORequest,11,2,0,10,96,21,2,10,3,0.82857144,1272,0.5,3,0.33333334,0.23636363,0,0,113.36363999999999,,,,,,,17,4.909091,9
jEdit,3.2.1,org.gjt.sp.jedit.textarea.JEditTextArea$CaretBlinker,2,1,0,1,6,1,1,1,1,2.0,13,0.0,0,0.0,0.75,0,0,5.5,,,,,,,3,1.5,0
jEdit,3.2.1,org.gjt.sp.jedit.EditPlugin,10,1,2,11,13,39,10,3,8,0.7777778000000001,33,1.0,1,0.0,0.25,0,0,2.2,,,,,,,1,0.9,1
jEdit,3.2.1,bsh.ReturnControl,1,1,0,10,2,0,9,1,1,2.0,12,0.0,0,0.0,1.0,0,0,9.0,,,,,,,0,0.0,0
jEdit,3.2.1,org.gjt.sp.jedit.gui.VariableGridLayout,17,1,0,1,37,100,1,0,16,0.7,691,0.8,0,0.0,0.32352942,0,0,39.058823,,,,,,,13,2.1176472,0
jEdit,3.2.1,bsh.ASCII_UCodeESC_CharStream,27,1,0,3,40,25,3,0,21,0.5294118,1277,0.7058824,0,0.0,0.29629629999999996,0,0,45.666668,,,,,,,7,1.5925926000000001,0
jEdit,3.2.1,org.gjt.sp.jedit.options.ContextOptionPane$ListHandler,2,1,0,1,4,0,1,1,1,0.0,13,1.0,1,0.0,0.6666667,0,0,5.0,,,,,,,1,0.5,0
jEdit,3.2.1,org.gjt.sp.jedit.pluginmgr.PluginListDownloadProgress$WindowHandler,3,2,0,2,9,0,1,2,2,0.5,40,0.5,1,0.8333333,0.6666667,0,0,11.666667,,,,,,,3,1.3333334,0
jEdit,3.2.1,org.gjt.sp.jedit.options.StyleEditor,5,7,0,5,52,2,1,4,4,0.64285713,380,1.0,0,0.99391174,0.4,0,0,73.6,,,,,,,6,2.6,0
jEdit,3.2.1,org.gjt.sp.jedit.pluginmgr.PluginListDownloadProgress,7,6,0,7,33,11,4,6,0,0.7777778000000001,145,1.0,3,0.99086756,0.2857143,0,0,19.285715,,,,,,,1,0.85714287,1
jEdit,3.2.1,org.gjt.sp.jedit.pluginmgr.PluginManagerProgress$RosterThread,2,2,0,3,5,0,1,2,1,0.0,18,1.0,1,0.9838709999999999,0.75,0,0,7.5,,,,,,,1,0.5,0
jEdit,3.2.1,bsh.ParserTokenManager,50,1,0,5,66,3,1,4,6,0.7517007,6259,0.16666667,1,0.0,0.5,0,0,123.7,,,,,,,163,8.68,0
jEdit,3.2.1,bsh.Interpreter$1,2,3,0,1,3,1,1,0,1,2.0,8,0.0,0,0.94736844,0.75,1,1,3.0,,,,,,,1,0.5,0
jEdit,3.2.1,org.gjt.sp.jedit.Registers$Register,2,1,0,5,2,1,5,0,2,2.0,2,0.0,0,0.0,0.75,0,0,0.0,,,,,,,1,1.0,0
jEdit,3.2.1,org.gjt.sp.jedit.options.AbbrevsOptionPane$ActionHandler,2,1,0,2,12,0,1,2,1,0.0,46,1.0,1,0.0,0.6666667,0,0,21.5,,,,,,,3,1.5,0
jEdit,3.2.1,bsh.Parser$JJCalls,1,1,0,2,2,0,1,1,0,2.0,8,0.0,2,0.0,1.0,0,0,3.0,,,,,,,0,0.0,0
jEdit,3.2.1,bsh.NameSpace$TypedVariable,5,1,0,5,16,0,1,5,1,0.41666666,97,0.0,0,0.0,0.45,0,0,17.8,,,,,,,1,0.8,0
jEdit,3.2.1,org.gjt.sp.jedit.options.PrintOptionPane,3,6,0,4,24,1,1,3,1,0.5,253,1.0,1,0.99698794,1.0,1,3,80.0,,,,,,,1,0.6666667,1
jEdit,3.2.1,org.gjt.sp.jedit.gui.OptionsDialog$PaneNameRenderer,2,5,0,4,23,0,1,4,2,0.6,124,1.0,1,0.99852943,0.5833333,0,0,58.5,,,,,,,6,3.0,0
jEdit,3.2.1,org.gjt.sp.jedit.Buffer$4,3,1,0,3,5,1,1,3,1,0.6666667,29,1.0,2,0.0,0.5833333,0,0,7.666666499999999,,,,,,,1,0.6666667,0
jEdit,3.2.1,org.gjt.sp.jedit.gui.CompleteWord$KeyHandler,3,2,0,3,18,0,1,3,2,0.0,123,1.0,1,0.6,0.6666667,0,0,39.666668,,,,,,,6,2.6666667,0
jEdit,3.2.1,org.gjt.sp.jedit.msg.SearchSettingsChanged,1,3,0,4,2,0,2,2,1,2.0,5,0.0,0,1.0,1.0,0,0,4.0,,,,,,,0,0.0,0
jEdit,3.2.1,org.gjt.sp.jedit.gui.DockableWindowContainer$TabbedPane$MouseHandler,6,2,0,1,22,0,1,1,5,0.6,264,0.25,1,0.61538464,0.6666667,1,1,42.333332,,,,,,,8,3.1666667,0
jEdit,3.2.1,bsh.BSHArrayDimensions,4,2,0,10,21,2,2,8,3,0.5555555999999999,174,0.33333334,0,0.85714287,0.5,1,1,41.75,,,,,,,1,0.75,0
jEdit,3.2.1,org.gjt.sp.jedit.search.HyperSearchRequest$1,3,1,0,2,6,1,1,2,1,0.5,31,1.0,1,0.0,0.6666667,0,0,8.333333,,,,,,,1,0.6666667,0
jEdit,3.2.1,org.gjt.sp.jedit.gui.AboutDialog,3,7,0,4,33,3,1,4,3,1.0,176,1.0,0,0.9969466,0.6666667,0,0,57.33333199999999,,,,,,,1,0.6666667,2
jEdit,3.2.1,org.gjt.sp.jedit.search.SearchMatcher,2,1,0,4,2,1,4,0,2,2.0,2,0.0,0,0.0,0.6666667,0,0,0.0,,,,,,,1,1.0,2
jEdit,3.2.1,org.gjt.sp.jedit.gui.IOProgressMonitor,5,6,0,10,33,4,4,8,2,0.6666667,152,1.0,2,0.99389315,0.4,1,1,28.8,,,,,,,1,0.8,1
jEdit,3.2.1,gnu.regexp.RETokenStart,3,2,0,4,9,1,1,3,0,0.5,106,1.0,0,0.7777778000000001,0.44444445,1,2,34.0,,,,,,,11,4.0,0
jEdit,3.2.1,org.gjt.sp.jedit.gui.DockableWindowManager$DefaultFactory,2,1,0,9,10,1,1,8,1,2.0,49,0.0,0,0.0,0.75,0,0,23.5,,,,,,,5,2.5,0
jEdit,3.2.1,org.gjt.sp.jedit.EBComponent,1,1,0,31,1,0,31,1,1,2.0,1,0.0,0,0.0,1.0,0,0,0.0,,,,,,,1,1.0,0
jEdit,3.2.1,bsh.BSHCastExpression,6,2,0,16,45,15,3,13,6,2.0,280,0.0,0,0.7826086999999999,0.22916667,1,1,45.666668,,,,,,,1,0.8333333,0
jEdit,3.2.1,org.gjt.sp.jedit.search.HyperSearchResults,13,5,0,17,53,54,8,12,9,0.875,303,0.8333333,1,0.9819549000000001,0.26153848,3,12,21.846153,,,,,,,10,1.6923077000000002,2
jEdit,3.2.1,org.gjt.sp.jedit.search.SearchDialog$ReplaceActionHandler,2,1,0,3,8,0,1,3,1,0.0,27,1.0,1,0.0,0.6666667,0,0,12.0,,,,,,,2,1.0,0
jEdit,3.2.1,bsh.Capabilities$Unavailable,1,4,0,1,2,0,1,0,1,2.0,5,0.0,0,1.0,1.0,0,0,4.0,,,,,,,0,0.0,0
jEdit,3.2.1,org.gjt.sp.jedit.gui.CompleteWord$MouseHandler,2,2,0,1,4,0,1,1,1,0.0,13,1.0,1,0.8888889000000001,0.6666667,0,0,5.0,,,,,,,1,0.5,0
jEdit,3.2.1,org.gjt.sp.jedit.textarea.JEditTextArea$DocumentHandler,4,1,0,3,19,0,1,3,3,0.33333334,297,1.0,1,0.0,0.6666667,0,0,73.0,,,,,,,15,5.75,0
jEdit,3.2.1,gnu.regexp.RETokenChar,5,2,0,5,12,0,2,3,0,0.375,127,1.0,0,0.6363635999999999,0.3,1,2,24.0,,,,,,,4,1.6,0
jEdit,3.2.1,org.gjt.sp.jedit.gui.EnhancedDialog$KeyHandler,2,2,0,2,14,0,2,1,1,0.0,62,1.0,1,0.75,0.6666667,0,0,29.5,,,,,,,6,3.0,0
jEdit,3.2.1,org.gjt.sp.jedit.gui.HistoryTextField,21,6,0,17,83,64,13,7,9,0.69166666,589,1.0,1,0.9789863999999999,0.22448979999999996,3,7,26.761906,,,,,,,13,2.7619047,2
jEdit,3.2.1,org.gjt.sp.jedit.Macros,24,1,0,29,89,228,11,24,16,0.9006211,534,1.0,0,0.0,0.15527950000000001,0,0,20.958334,,,,,,,6,1.875,6
jEdit,3.2.1,org.gjt.sp.jedit.gui.KeyEventWorkaround,4,1,0,5,16,2,5,0,2,1.0833334,179,0.875,0,0.0,0.33333334,0,0,41.75,,,,,,,20,8.75,5
jEdit,3.2.1,org.gjt.sp.jedit.gui.OpenWithEncodingMenu$1,3,1,0,4,10,3,1,4,1,1.0,31,1.0,1,0.0,0.6666667,0,0,9.0,,,,,,,1,0.6666667,0
jEdit,3.2.1,org.gjt.sp.jedit.options.ColorTableModel$ColorChoice,1,1,0,1,2,0,1,0,0,2.0,16,0.0,0,0.0,1.0,0,0,12.0,,,,,,,0,0.0,0
jEdit,3.2.1,org.gjt.sp.jedit.BeanShellAction,7,2,0,5,16,3,1,4,7,0.8095238,115,1.0,0,0.7,0.39285713,1,1,14.428572,,,,,,,3,1.4285715,1
jEdit,3.2.1,org.gjt.sp.jedit.options.ToolBarOptionPane$IconCellRenderer,2,6,0,2,6,1,1,1,1,2.0,26,0.0,0,0.99856734,0.6,1,1,12.0,,,,,,,1,0.5,0
jEdit,3.2.1,org.gjt.sp.jedit.gui.AboutDialog$ActionHandler,2,1,0,1,4,0,1,1,1,0.0,13,1.0,1,0.0,0.6666667,0,0,5.0,,,,,,,1,0.5,0
jEdit,3.2.1,org.gjt.sp.jedit.gui.DockableWindow,2,1,0,12,2,1,12,0,2,2.0,3,0.0,0,0.0,1.0,0,0,0.0,,,,,,,1,1.0,0
jEdit,3.2.1,org.gjt.sp.jedit.textarea.JEditTextArea$FocusHandler,3,1,0,2,8,0,1,2,2,0.0,28,1.0,1,0.0,0.6666667,0,0,8.0,,,,,,,1,0.6666667,0
jEdit,3.2.1,org.gjt.sp.jedit.Buffer$1,3,1,0,8,29,1,1,8,1,0.5,181,1.0,2,0.0,0.5833333,0,0,58.0,,,,,,,8,3.0,0
jEdit,3.2.1,org.gjt.sp.jedit.options.AbbrevsOptionPane,7,6,0,9,58,5,4,8,1,0.73333335,300,1.0,1,0.99101794,0.5,4,12,41.142857,,,,,,,5,1.7142857,1
jEdit,3.2.1,org.gjt.sp.jedit.options.AbbrevsOptionPane$TableMouseHandler,2,2,0,2,11,0,1,2,1,0.0,54,1.0,1,0.8888889000000001,0.6666667,0,0,25.5,,,,,,,3,1.5,0
jEdit,3.2.1,org.gjt.sp.jedit.gui.RecentFilesMenu$2,4,2,0,3,9,0,1,3,2,0.6666667,34,1.0,2,0.72727275,0.5625,0,0,7.0,,,,,,,1,0.75,0
jEdit,3.2.1,bsh.ParseException,6,3,0,3,19,3,2,1,5,0.44,387,0.4,1,0.85,0.33333334,1,1,62.66666800000001,,,,,,,14,4.3333335,0
jEdit,3.2.1,bsh.BSHAmbiguousName,7,2,0,16,17,19,8,8,6,0.33333334,53,0.0,0,0.75,0.45714286,1,1,6.428571,,,,,,,1,0.85714287,0
jEdit,3.2.1,gnu.regexp.CharIndexedCharArray,4,1,0,2,5,0,1,1,3,0.0,59,1.0,0,0.0,0.6666667,0,0,13.25,,,,,,,3,1.75,0
jEdit,3.2.1,org.gjt.sp.jedit.Abbrevs,18,1,0,12,96,47,4,10,9,0.77310926,730,1.0,0,0.0,0.104575165,0,0,39.166668,,,,,,,16,2.7222223,0
jEdit,3.2.1,org.gjt.sp.jedit.Buffer$MyUndoManager,3,4,0,2,6,3,2,1,2,1.0,16,1.0,1,0.96,0.6666667,1,4,4.0,,,,,,,1,0.6666667,0
jEdit,3.2.1,org.gjt.sp.jedit.Macros$3,3,2,0,6,9,1,1,6,1,0.75,47,1.0,1,0.875,0.6666667,0,0,14.0,,,,,,,3,1.3333334,0
jEdit,3.2.1,org.gjt.sp.jedit.browser.VFSBrowser$MoreMenuButton$MouseHandler,2,2,0,4,9,0,1,4,1,0.0,54,1.0,2,0.8888889000000001,0.6666667,0,0,25.0,,,,,,,3,1.5,0
jEdit,3.2.1,org.gjt.sp.jedit.MiscUtilities$Compare,1,1,0,24,1,0,24,0,1,2.0,1,0.0,0,0.0,1.0,0,0,0.0,,,,,,,1,1.0,0
jEdit,3.2.1,org.gjt.sp.jedit.search.SearchDialog$ButtonActionHandler,2,1,0,4,22,0,1,4,1,0.0,119,1.0,1,0.0,0.6666667,0,0,58.0,,,,,,,11,5.5,0
jEdit,3.2.1,org.gjt.sp.jedit.options.StyleTableModel$StyleChoice,1,1,0,2,2,0,1,1,0,2.0,16,0.0,1,0.0,1.0,0,0,12.0,,,,,,,0,0.0,0
jEdit,3.2.1,org.gjt.sp.jedit.search.HyperSearchResults$MouseHandler,3,2,0,7,18,0,2,7,1,0.0,78,1.0,1,0.8,0.41666666,0,0,24.666666,,,,,,,6,2.3333333,0
jEdit,3.2.1,org.gjt.sp.jedit.browser.VFSFileChooserDialog,10,7,0,15,74,17,4,15,5,0.8148148000000001,477,1.0,1,0.98640484,0.25,4,7,46.1,,,,,,,9,2.3,4
jEdit,3.2.1,org.gjt.sp.util.WorkThread,14,2,0,8,34,37,5,4,11,0.7606838,324,1.0,1,0.8243243,0.22448979999999996,0,0,21.5,,,,,,,8,1.7142857,1
jEdit,3.2.1,org.gjt.sp.jedit.gui.DockableWindowContainer$TabbedPane,13,5,0,6,40,0,2,5,13,0.7083333,338,0.0,0,0.9835841000000001,0.38461540000000005,4,13,24.692307999999997,,,,,,,14,2.6153846,0
jEdit,3.2.1,org.gjt.sp.jedit.EditPane,19,5,0,31,132,57,16,22,12,0.5952381,828,1.0,6,0.9731744000000001,0.21052632,1,1,42.210526,,,,,,,21,3.2105262000000003,5
jEdit,3.2.1,org.gjt.sp.jedit.gui.JCheckBoxList$Entry,3,1,0,2,4,0,2,0,3,0.5,20,0.0,0,0.0,0.5555555999999999,0,0,5.0,,,,,,,1,0.6666667,0
jEdit,3.2.1,org.gjt.sp.jedit.textarea.Selection$Rect,5,2,0,6,14,8,4,2,5,2.0,105,0.0,0,0.7777778000000001,0.55,0,0,20.0,,,,,,,2,0.8,0
jEdit,3.2.1,org.gjt.sp.jedit.gui.BufferSwitcher$BufferCellRenderer,2,6,0,2,6,1,1,2,1,1.0,32,1.0,1,0.99856734,0.5833333,1,1,14.5,,,,,,,2,1.0,0
jEdit,3.2.1,org.gjt.sp.jedit.gui.TipOfTheDay$TipPanel$ActionHandler,2,1,0,3,12,0,1,3,1,0.0,48,1.0,2,0.0,0.6666667,0,0,22.0,,,,,,,4,2.0,0
jEdit,3.2.1,org.gjt.sp.jedit.options.DockingOptionPane$DockPositionCellRenderer,2,5,0,1,4,1,1,1,1,1.0,36,1.0,1,0.99861497,0.5833333,0,0,16.5,,,,,,,1,0.5,0
jEdit,3.2.1,org.gjt.sp.util.WorkThread$Abort,1,3,0,4,2,0,4,0,1,2.0,5,0.0,0,1.0,1.0,0,0,4.0,,,,,,,0,0.0,0
jEdit,3.2.1,org.gjt.sp.jedit.Macros$Recorder,8,1,0,15,29,10,8,10,5,0.5,198,0.0,2,0.0,0.25,0,0,23.25,,,,,,,5,2.25,0
jEdit,3.2.1,org.gjt.sp.util.WorkThreadProgressListener,1,1,0,5,1,0,5,1,1,2.0,1,0.0,0,0.0,1.0,0,0,0.0,,,,,,,1,1.0,0
jEdit,3.2.1,org.gjt.sp.jedit.io.VFS$DirectoryEntry,2,1,0,19,3,0,19,0,2,1.2222222,35,0.0,0,0.0,0.6,0,0,12.0,,,,,,,1,0.5,0
jEdit,3.2.1,org.gjt.sp.jedit.textarea.Selection,10,1,2,15,17,23,14,1,7,0.7777778000000001,80,0.0,0,0.0,0.4,0,0,6.6,,,,,,,1,0.7,1
jEdit,3.2.1,org.gjt.sp.jedit.gui.EditAbbrevDialog$ActionHandler,2,1,0,1,7,0,1,1,1,0.0,23,1.0,1,0.0,0.6666667,0,0,10.0,,,,,,,2,1.0,0
jEdit,3.2.1,bsh.BSHPrimitiveType,2,2,0,4,3,1,3,1,1,1.0,10,0.0,0,0.94736844,0.75,0,0,3.5,,,,,,,1,0.5,0
jEdit,3.2.1,bsh.ParserTreeConstants,1,1,0,2,1,0,2,0,0,2.0,186,0.0,0,0.0,0.0,0,0,148.0,,,,,,,0,0.0,0
jEdit,3.2.1,org.gjt.sp.jedit.options.WindowTableModel,11,2,0,7,30,25,3,6,9,0.8333333,198,1.0,0,0.61538464,0.38636363,1,2,16.727272,,,,,,,4,1.8181819,0
jEdit,3.2.1,gnu.regexp.RETokenLookAhead,2,2,0,6,8,0,1,6,0,0.0,69,0.0,1,0.875,0.5714286,1,1,32.5,,,,,,,7,3.5,0
jEdit,3.2.1,org.gjt.sp.jedit.options.LoadSaveOptionPane,5,6,0,4,35,0,2,3,3,0.71153843,386,1.0,0,0.993994,0.5,3,5,73.6,,,,,,,6,2.0,1
jEdit,3.2.1,org.gjt.sp.jedit.pluginmgr.PluginManagerProgress$2,3,1,0,1,6,1,1,1,1,0.5,25,1.0,1,0.0,0.6666667,0,0,6.666666499999999,,,,,,,1,0.6666667,0
jEdit,3.2.1,org.gjt.sp.jedit.gui.ViewRegisters$ListHandler,2,1,0,3,11,0,1,3,1,0.0,40,1.0,1,0.0,0.6666667,0,0,18.5,,,,,,,3,1.5,0
jEdit,3.2.1,org.gjt.sp.jedit.search.SearchDialog,30,7,0,22,137,315,7,20,4,0.8301405000000001,1603,0.8888889000000001,5,0.9588840000000001,0.23333333,2,2,51.533333,,,,,,,11,2.0333333,7
jEdit,3.2.1,org.gjt.sp.jedit.textarea.JEditTextArea$CaretUndo,6,2,0,3,19,9,1,3,5,0.6,77,1.0,0,0.7058824,0.44444445,1,3,11.666667,,,,,,,2,1.0,0
jEdit,3.2.1,org.gjt.sp.jedit.textarea.MarkerHighlight,8,1,0,8,28,6,1,7,8,0.6785714,160,1.0,2,0.0,0.234375,0,0,18.5,,,,,,,6,2.0,0
jEdit,3.2.1,org.gjt.sp.jedit.Buffer$3,3,1,0,8,21,1,1,8,1,0.5,136,1.0,2,0.0,0.53333336,0,0,43.0,,,,,,,9,3.3333333,0
jEdit,3.2.1,org.gjt.sp.jedit.View$2,3,1,0,2,6,1,1,2,1,0.5,19,1.0,1,0.0,0.8333333,0,0,5.0,,,,,,,1,0.6666667,0
jEdit,3.2.1,org.gjt.sp.jedit.pluginmgr.Roster,5,1,0,9,14,0,8,2,0,0.0,82,1.0,0,0.0,0.46666667,0,0,15.2,,,,,,,4,2.0,0
jEdit,3.2.1,org.gjt.sp.jedit.textarea.JEditTextArea,211,4,0,59,430,11469,40,39,169,0.88327795,7612,0.90697676,10,0.75555557,0.084391534,3,9,34.872040000000005,,,,,,,25,3.0521326,45
jEdit,3.2.1,org.gjt.sp.jedit.options.AbbrevsModel,10,2,0,8,29,3,4,5,8,0.33333334,189,0.0,0,0.6666667,0.425,1,2,17.8,,,,,,,4,1.9,0
jEdit,3.2.1,org.gjt.sp.jedit.search.SearchBar$DocumentHandler,4,1,0,5,19,0,1,5,3,0.33333334,104,1.0,1,0.0,0.6666667,0,0,24.75,,,,,,,5,2.75,0
jEdit,3.2.1,org.gjt.sp.jedit.options.ContextOptionPane$MenuItem,2,1,0,5,5,0,4,1,1,0.5,25,0.0,0,0.0,0.75,0,0,10.5,,,,,,,1,0.5,0
jEdit,3.2.1,org.gjt.sp.jedit.options.StyleTableModel$StyleRenderer,2,5,0,4,15,1,1,4,2,2.0,50,0.0,0,0.99852943,0.6,0,0,24.0,,,,,,,4,2.0,0
jEdit,3.2.1,org.gjt.sp.jedit.gui.AddAbbrevDialog$ActionHandler,2,1,0,6,17,0,1,6,1,0.0,61,1.0,1,0.0,0.6666667,0,0,29.0,,,,,,,3,1.5,0
jEdit,3.2.1,org.gjt.sp.jedit.msg.ViewUpdate,5,3,0,6,13,4,2,4,4,0.8333333,47,0.33333334,0,0.6666667,0.5,1,1,7.8,,,,,,,1,0.6,0
jEdit,3.2.1,org.gjt.sp.jedit.View$3,3,1,0,2,6,1,1,2,1,0.5,19,1.0,1,0.0,0.8333333,0,0,5.0,,,,,,,1,0.6666667,0
jEdit,3.2.1,org.gjt.sp.jedit.gui.InputHandler,16,2,1,13,47,48,8,10,14,0.7809524,443,1.0,2,0.16666667,0.24107143,0,0,26.25,,,,,,,14,2.625,6
jEdit,3.2.1,org.gjt.sp.jedit.gui.DockableWindowContainer$TabbedPane$DockBorder,6,1,0,3,18,5,1,2,3,0.56,401,0.0,0,0.0,0.5,0,0,65.0,,,,,,,5,2.5,0
jEdit,3.2.1,org.gjt.sp.jedit.search.BoyerMooreSearchMatcher,7,1,0,5,16,0,1,4,4,0.6666667,416,1.0,1,0.0,0.26530612,0,0,57.14285699999999,,,,,,,14,4.142857,3
jEdit,3.2.1,org.gjt.sp.jedit.options.ShortcutsOptionPane$TableMouseHandler,2,2,0,4,13,0,1,4,1,0.0,53,1.0,1,0.8888889000000001,0.6666667,0,0,25.0,,,,,,,4,2.0,0
jEdit,3.2.1,org.gjt.sp.jedit.syntax.ParserRuleSet,17,1,0,8,22,100,5,3,17,0.91875,199,1.0,4,0.0,0.18382353,0,0,10.117647,,,,,,,4,1.4117647,1
jEdit,3.2.1,org.gjt.sp.jedit.gui.HistoryModel,10,1,0,10,47,17,8,3,8,0.62222224,299,1.0,0,0.0,0.35,0,0,28.4,,,,,,,10,2.8,0
jEdit,3.2.1,org.gjt.sp.jedit.gui.GrabKeyDialog$1,4,5,0,1,5,6,1,1,2,1.0,21,1.0,1,0.99542683,0.6666667,1,1,4.0,,,,,,,1,0.75,0
jEdit,3.2.1,org.gjt.sp.jedit.gui.StatusBar$MouseHandler,2,2,0,7,16,0,1,7,1,0.0,65,1.0,1,0.8888889000000001,0.6666667,0,0,31.0,,,,,,,6,3.0,0
jEdit,3.2.1,org.gjt.sp.jedit.ActionListHandler,11,2,0,5,31,31,1,5,7,0.8,231,1.0,0,0.5652174,0.4,1,3,19.272728,,,,,,,8,2.2727272999999997,2
jEdit,3.2.1,org.gjt.sp.jedit.TextUtilities,9,1,0,8,39,36,5,4,9,2.0,904,0.0,0,0.0,0.3015873,0,0,99.44444,,,,,,,20,6.0,5
jEdit,3.2.1,org.gjt.sp.jedit.EditPane$1,3,1,0,3,9,1,1,3,1,0.5,34,1.0,1,0.0,0.8333333,0,0,10.0,,,,,,,4,1.6666666,0
jEdit,3.2.1,org.gjt.sp.jedit.browser.VFSBrowser$1,3,1,0,7,16,1,1,7,1,0.5,99,1.0,2,0.0,0.6666667,0,0,31.333334000000004,,,,,,,11,4.0,0
jEdit,3.2.1,org.gjt.sp.jedit.jEdit,99,1,0,162,325,4043,137,48,67,0.91510206,4367,1.0,7,0.0,0.059417705999999994,0,0,42.858585,,,,,,,56,4.070707,23
jEdit,3.2.1,org.gjt.sp.jedit.options.StyleTableModel,8,2,0,6,19,0,2,4,6,0.2857143,157,1.0,0,0.6956521999999999,0.40625,1,2,18.5,,,,,,,2,1.375,0
jEdit,3.2.1,gnu.regexp.CharIndexedReader,5,1,0,3,12,0,2,1,3,0.46875,269,1.0,0,0.0,0.6,0,0,51.2,,,,,,,10,3.8,0
jEdit,3.2.1,bsh.BSHStatementExpressionList,2,2,0,7,6,1,1,6,1,2.0,28,0.0,0,0.94736844,0.625,1,1,13.0,,,,,,,1,0.5,0
jEdit,3.2.1,org.gjt.sp.jedit.EditAction$Wrapper,2,1,0,6,6,0,3,3,2,0.0,16,1.0,1,0.0,0.6666667,0,0,6.5,,,,,,,1,0.5,0
jEdit,3.2.1,org.gjt.sp.jedit.search.SearchDialog$SettingsActionHandler,2,1,0,2,16,0,1,2,1,0.0,64,1.0,1,0.0,0.6666667,0,0,30.5,,,,,,,6,3.0,0
jEdit,3.2.1,org.gjt.sp.jedit.options.ToolBarAddDialog$ActionHandler,2,1,0,5,25,0,1,5,1,0.0,117,1.0,1,0.0,0.6666667,0,0,57.0,,,,,,,9,4.5,0
jEdit,3.2.1,bsh.BSHSwitchLabel,2,2,0,7,5,1,2,5,2,1.0,22,0.0,0,0.94736844,0.625,1,1,9.5,,,,,,,1,0.5,0
jEdit,3.2.1,org.gjt.sp.jedit.gui.HelpViewer$ActionHandler,2,1,0,1,12,0,1,1,1,0.0,96,1.0,1,0.0,0.6666667,0,0,46.5,,,,,,,6,3.0,0
jEdit,3.2.1,org.gjt.sp.jedit.io.VFS,22,1,4,23,36,175,20,6,22,0.99319726,239,0.14285715,0,0.0,0.39204547,0,0,9.545455,,,,,,,4,1.3181819,4
jEdit,3.2.1,org.gjt.sp.jedit.gui.EnhancedCheckBoxMenuItem,7,7,0,5,38,9,2,4,4,0.6111111,210,1.0,1,0.9938119000000001,0.3,3,13,28.142857,,,,,,,8,2.142857,2
jEdit,3.2.1,org.gjt.sp.jedit.gui.HelpViewer$HelpNode,2,1,0,2,3,0,2,0,1,0.5,16,0.0,0,0.0,0.75,0,0,6.0,,,,,,,1,0.5,0
jEdit,3.2.1,org.gjt.sp.jedit.syntax.KeywordMap,8,1,0,5,15,0,4,2,6,0.42857143,139,1.0,1,0.0,0.39583334,0,0,16.0,,,,,,,5,1.375,0
jEdit,3.2.1,org.gjt.sp.jedit.EditPlugin$JAR,6,1,0,11,15,0,8,5,5,0.6666667,72,1.0,1,0.0,0.33333334,0,0,10.5,,,,,,,2,1.1666666,0
jEdit,3.2.1,org.gjt.sp.jedit.gui.EnhancedCheckBoxMenuItem$Model,3,2,0,4,9,1,1,4,2,0.5,32,1.0,1,0.9411765,0.5555555999999999,1,1,9.333333,,,,,,,2,1.0,0
jEdit,3.2.1,org.gjt.sp.jedit.search.CharIndexedSegment,4,1,0,2,5,0,1,1,3,0.0,63,1.0,0,0.0,0.6666667,0,0,14.25,,,,,,,2,1.5,0
jEdit,3.2.1,org.gjt.sp.jedit.gui.SplashScreen,3,5,0,4,37,1,2,3,2,0.5,138,1.0,0,0.99671054,0.5,0,0,44.666668,,,,,,,2,1.0,0
jEdit,3.2.1,org.gjt.sp.jedit.Mode,12,1,0,19,32,36,15,6,12,0.74545455,236,1.0,3,0.0,0.41666666,0,0,18.25,,,,,,,5,2.0,1
jEdit,3.2.1,org.gjt.sp.jedit.gui.HelpViewer,18,6,0,21,124,117,7,20,6,0.77124184,762,1.0,0,0.97579426,0.1875,3,6,40.833332,,,,,,,7,1.5555556000000001,5
jEdit,3.2.1,org.gjt.sp.jedit.gui.EnhancedDialog,3,6,16,19,13,3,19,3,3,1.0,59,1.0,1,0.9969372,0.5,0,0,18.333334,,,,,,,1,0.6666667,0
jEdit,3.2.1,org.gjt.sp.jedit.gui.BeanShellErrorDialog$ActionHandler,2,1,0,1,4,0,1,1,1,0.0,13,1.0,1,0.0,0.6666667,0,0,5.0,,,,,,,1,0.5,0
jEdit,3.2.1,gnu.regexp.CharIndexedString,4,1,0,2,7,0,1,1,3,0.22222222,62,1.0,0,0.0,0.6666667,0,0,13.75,,,,,,,3,1.75,0
jEdit,3.2.1,org.gjt.sp.jedit.gui.MarkersMenu$1,3,1,0,4,7,1,1,4,1,0.6666667,30,1.0,3,0.0,0.53333336,0,0,8.0,,,,,,,1,0.6666667,0
jEdit,3.2.1,bsh.TokenMgrError,6,3,0,2,19,15,2,0,4,1.12,184,0.0,0,0.85,0.5,1,1,28.833334000000004,,,,,,,14,2.8333333,0
jEdit,3.2.1,org.gjt.sp.jedit.MiscUtilities$StringCompare,2,1,0,1,5,1,0,1,2,2.0,11,0.0,0,0.0,0.75,0,0,4.5,,,,,,,1,0.5,0
jEdit,3.2.1,org.gjt.sp.jedit.MiscUtilities$VersionCompare,2,1,0,2,9,1,1,1,2,2.0,78,0.0,0,0.0,0.75,0,0,38.0,,,,,,,8,4.0,0
jEdit,3.2.1,gnu.regexp.RE,45,2,0,34,107,928,13,25,26,0.9300699,2533,0.46153846,2,0.1521739,0.23106061,1,2,55.0,,,,,,,9,1.7777778000000002,0
jEdit,3.2.1,bsh.BshClassManager,25,1,0,10,37,290,7,3,22,0.8888889000000001,161,1.0,1,0.0,0.15740739999999998,0,0,5.2,,,,,,,3,1.16,0
jEdit,3.2.1,org.gjt.sp.jedit.options.ContextOptionPane,13,6,0,13,65,46,7,9,1,0.78571427,438,1.0,0,0.98219585,0.33333334,2,4,32.153847,,,,,,,9,2.2307692,1
jEdit,3.2.1,org.gjt.sp.jedit.gui.HistoryTextField$HistoryBorder,3,2,0,2,11,3,1,2,2,1.5,121,0.0,0,0.8181818000000001,0.5833333,0,0,39.0,,,,,,,3,1.3333334,0
jEdit,3.2.1,org.gjt.sp.jedit.gui.MarkersMenu$MarkersMenuItem,5,6,0,4,39,2,1,3,2,0.5,181,1.0,0,0.9962405999999999,0.4,2,11,34.2,,,,,,,3,1.6,0
jEdit,3.2.1,org.gjt.sp.jedit.options.ShortcutsOptionPane$ShortcutsModel,10,2,0,9,25,23,5,6,9,0.7407406999999999,164,1.0,1,0.64,0.31666666,1,1,15.1,,,,,,,2,1.4,0
jEdit,3.2.1,org.gjt.sp.jedit.textarea.TextRenderer2D,6,2,0,1,23,1,0,1,2,0.6,141,1.0,0,0.6875,0.47619048,1,2,22.166666,,,,,,,3,1.3333334,0
jEdit,3.2.1,org.gjt.sp.jedit.msg.PropertiesChanged,1,3,0,8,2,0,6,2,1,2.0,5,0.0,0,1.0,1.0,0,0,4.0,,,,,,,0,0.0,0
jEdit,3.2.1,org.gjt.sp.jedit.EditAction,16,1,2,23,25,106,21,2,15,0.8,128,1.0,0,0.0,0.20535715,0,0,6.875,,,,,,,3,1.1875,0
jEdit,3.2.1,org.gjt.sp.jedit.gui.ViewRegisters,6,7,0,8,47,9,3,8,3,0.8,311,1.0,0,0.99240124,0.38888890000000004,0,0,50.333332,,,,,,,1,0.8333333,0
jEdit,3.2.1,org.gjt.sp.jedit.syntax.Token,2,1,0,4,7,0,4,0,2,1.8,48,0.0,2,0.0,0.6666667,0,0,13.0,,,,,,,1,0.5,1
jEdit,3.2.1,bsh.CallStack,11,1,0,39,25,0,38,2,11,0.0,135,1.0,0,0.0,0.48484849999999996,0,0,11.181818,,,,,,,2,1.1818181,0
jEdit,3.2.1,org.gjt.sp.jedit.EditPane$2,3,1,0,3,7,1,1,3,1,0.5,28,1.0,2,0.0,0.6666667,0,0,7.666666499999999,,,,,,,1,0.6666667,0
jEdit,3.2.1,org.gjt.sp.jedit.browser.VFSBrowser$UpMenuButton$ActionHandler,2,1,0,2,6,0,1,2,1,0.5,21,1.0,2,0.0,0.6666667,0,0,8.5,,,,,,,1,0.5,0
jEdit,3.2.1,bsh.BlockNameSpace,3,2,0,4,10,3,2,2,2,2.0,40,0.0,0,0.96,0.5833333,0,0,12.333333,,,,,,,2,1.0,0
jEdit,3.2.1,org.gjt.sp.jedit.View$1,3,1,0,2,7,1,1,2,1,0.5,27,1.0,1,0.0,0.6666667,0,0,7.333333500000001,,,,,,,1,0.6666667,0
jEdit,3.2.1,org.gjt.sp.jedit.search.SearchFileSet,5,1,0,9,5,10,7,2,5,2.0,5,0.0,0,0.0,0.6,0,0,0.0,,,,,,,1,1.0,0
jEdit,3.2.1,gnu.regexp.IntPair,1,1,0,1,2,0,1,0,0,2.0,6,0.0,0,0.0,1.0,0,0,3.0,,,,,,,0,0.0,0
jEdit,3.2.1,org.gjt.sp.jedit.BufferHistory,13,1,0,11,61,44,4,10,6,0.8333333,488,1.0,0,0.0,0.18055555,0,0,36.153847,,,,,,,6,2.5384613999999996,1
jEdit,3.2.1,org.gjt.sp.jedit.BeanShell,15,1,0,26,75,73,9,19,12,0.78571427,736,1.0,3,0.0,0.24761905,0,0,47.666668,,,,,,,13,4.4,4
jEdit,3.2.1,bsh.BSHLHSPrimaryExpression,2,2,0,11,9,1,3,8,1,2.0,65,0.0,0,0.94736844,0.625,0,0,31.5,,,,,,,1,0.5,0
jEdit,3.2.1,org.gjt.sp.jedit.browser.VFSFileChooserDialog$BrowserHandler,3,1,0,6,14,0,1,6,2,0.0,98,1.0,1,0.0,0.6666667,0,0,31.333334000000004,,,,,,,6,3.3333333,0
jEdit,3.2.1,org.gjt.sp.jedit.textarea.TextAreaPainter,45,4,0,15,122,462,8,8,39,0.8995215,1143,1.0,3,0.9362319,0.13675214,3,18,23.977777,,,,,,,12,2.088889,16
jEdit,3.2.1,org.gjt.sp.jedit.pluginmgr.PluginList,5,1,0,11,26,0,4,8,0,0.5,155,0.0,0,0.0,0.46666667,0,0,29.4,,,,,,,5,1.8,2
jEdit,3.2.1,org.gjt.sp.jedit.EBMessage$NonVetoable,2,2,9,11,4,1,9,2,2,2.0,11,0.0,0,0.8333333,0.75,0,0,4.5,,,,,,,1,0.5,0
jEdit,3.2.1,org.gjt.sp.jedit.gui.EnhancedDialog$ContainerHandler,5,2,0,2,12,4,1,2,2,0.0,84,1.0,1,0.33333334,0.5,0,0,15.6,,,,,,,3,1.6,0
jEdit,3.2.1,org.gjt.sp.jedit.msg.CreateDockableWindow,7,2,0,6,15,9,2,4,7,0.7222221999999999,64,1.0,1,0.45454547,0.35714287,1,1,7.714286,,,,,,,1,0.85714287,0
jEdit,3.2.1,org.gjt.sp.jedit.Buffer$PrintTabExpander,2,1,0,1,3,0,1,0,2,0.0,33,1.0,0,0.0,0.8333333,0,0,14.5,,,,,,,1,0.5,0
jEdit,3.2.1,org.gjt.sp.jedit.search.SearchBar$ActionHandler,2,1,0,4,14,0,1,4,1,0.0,63,1.0,1,0.0,0.6666667,0,0,30.0,,,,,,,5,2.5,0
jEdit,3.2.1,org.gjt.sp.jedit.options.ToolBarOptionPane$ButtonCompare,2,1,0,3,5,1,1,3,1,1.0,19,1.0,1,0.0,0.6666667,0,0,8.0,,,,,,,1,0.5,0
jEdit,3.2.1,bsh.ParserConstants,1,1,0,12,1,0,12,0,0,2.0,617,0.0,0,0.0,0.0,0,0,496.0,,,,,,,0,0.0,0
jEdit,3.2.1,bsh.BSHAssignment,3,2,0,11,18,3,1,10,1,1.0,273,0.0,0,0.9,0.53333336,1,1,89.666664,,,,,,,1,0.6666667,0
jEdit,3.2.1,org.gjt.sp.jedit.OptionPane,4,1,0,5,4,6,5,0,4,2.0,4,0.0,0,0.0,1.0,0,0,0.0,,,,,,,1,1.0,0
jEdit,3.2.1,org.gjt.sp.jedit.options.ColorTableModel$ColorRenderer,2,5,0,2,12,1,1,1,2,2.0,46,0.0,0,0.99852943,0.6,0,0,22.0,,,,,,,4,2.0,0
jEdit,3.2.1,bsh.Primitive,45,1,0,41,77,898,36,5,28,0.79545456,1472,0.25,2,0.0,0.083333336,0,0,31.622222999999998,,,,,,,12,2.0222223,0
jEdit,3.2.1,org.gjt.sp.jedit.gui.RecentFilesMenu,2,8,0,11,23,1,3,11,2,2.0,100,0.0,0,0.99883586,0.75,1,2,49.0,,,,,,,7,3.5,1
jEdit,3.2.1,org.gjt.sp.jedit.syntax.SyntaxStyle,4,1,0,10,5,0,10,0,4,0.6666667,28,1.0,0,0.0,0.5,0,0,5.25,,,,,,,1,0.75,0
jEdit,3.2.1,org.gjt.sp.jedit.GUIUtilities,39,1,0,70,144,725,58,21,34,0.95526314,1492,0.4,1,0.0,0.13596492,0,0,37.0,,,,,,,16,2.6923077,8
jEdit,3.2.1,org.gjt.sp.jedit.gui.HelpViewer$TOCTree,5,5,0,2,29,8,1,2,2,0.75,190,1.0,1,0.995,0.44,2,7,36.4,,,,,,,5,3.2,0
jEdit,3.2.1,org.gjt.sp.jedit.options.ToolBarOptionPane$Button,2,1,0,6,5,0,5,1,1,0.75,33,0.0,0,0.0,0.6666667,0,0,13.5,,,,,,,1,0.5,0
jEdit,3.2.1,bsh.InterpreterError,1,4,0,16,2,0,16,0,1,2.0,5,0.0,0,1.0,1.0,0,0,4.0,,,,,,,0,0.0,0
jEdit,3.2.1,org.gjt.sp.jedit.browser.BrowserPopupMenu$ActionHandler,2,1,0,14,46,0,1,14,1,0.0,421,1.0,1,0.0,0.6666667,0,0,209.0,,,,,,,29,14.5,0
jEdit,3.2.1,org.gjt.sp.jedit.pluginmgr.PluginManager,11,6,0,11,64,27,6,9,1,0.775,595,1.0,0,0.9848714,0.36363637,0,0,52.363636,,,,,,,12,1.9090909,3
jEdit,3.2.1,org.gjt.sp.jedit.proto.jeditresource.Handler,2,2,0,1,5,1,0,1,2,2.0,14,0.0,0,0.9230769,0.75,0,0,6.0,,,,,,,1,0.5,0
jEdit,3.2.1,bsh.BSHSwitchStatement,2,2,0,10,9,1,1,9,2,2.0,106,0.0,0,0.94736844,0.625,2,2,52.0,,,,,,,1,0.5,0
jEdit,3.2.1,bsh.BSHMethodDeclaration,3,2,0,11,14,1,2,10,2,0.875,134,0.0,2,0.9,0.5555555999999999,1,3,42.333332,,,,,,,1,0.6666667,0
jEdit,3.2.1,bsh.TargetError,11,4,0,18,26,13,14,5,11,0.1,171,0.0,0,0.7647059,0.54545456,2,2,14.454545000000001,,,,,,,2,0.90909094,0
jEdit,3.2.1,bsh.BshClassManager$Listener,1,1,0,3,1,0,3,0,1,2.0,1,0.0,0,0.0,1.0,0,0,0.0,,,,,,,1,1.0,0
jEdit,3.2.1,org.gjt.sp.jedit.gui.LogViewer,3,5,0,5,14,3,1,4,3,2.0,55,0.0,0,0.9969466,1.0,0,0,17.333334,,,,,,,1,0.6666667,0
jEdit,3.2.1,org.gjt.sp.jedit.pluginmgr.PluginManagerProgress$3,3,1,0,2,6,1,1,2,1,0.5,31,1.0,1,0.0,0.6666667,0,0,8.666667,,,,,,,2,1.0,0
jEdit,3.2.1,org.gjt.sp.jedit.EditServer$1,3,1,0,4,7,1,1,4,1,0.75,32,1.0,1,0.0,0.6666667,0,0,9.0,,,,,,,1,0.6666667,0
jEdit,3.2.1,org.gjt.sp.jedit.gui.OpenWithEncodingMenu,1,8,0,4,15,0,2,4,1,2.0,83,0.0,0,1.0,1.0,0,0,82.0,,,,,,,0,0.0,1
jEdit,3.2.1,org.gjt.sp.jedit.textarea.JEditTextArea$FoldHandler,3,1,0,6,16,0,1,6,2,0.0,46,1.0,1,0.0,0.5555555999999999,0,0,14.0,,,,,,,2,1.0,0
jEdit,3.2.1,bsh.Capabilities,7,1,0,5,12,13,5,0,6,0.5,64,1.0,0,0.0,0.16666667,0,0,7.857142999999999,,,,,,,4,1.5714285,0
jEdit,3.2.1,org.gjt.sp.jedit.BufferHistory$RecentHandler,5,2,0,4,16,8,1,4,4,0.95,124,1.0,0,0.7647059,0.5,1,3,22.8,,,,,,,6,2.0,0
jEdit,3.2.1,org.gjt.sp.jedit.browser.BrowserView$LoadingPlaceholder,1,1,0,3,2,0,3,1,0,2.0,8,1.0,1,0.0,1.0,0,0,6.0,,,,,,,0,0.0,0
jEdit,3.2.1,bsh.BSHUnaryExpression,5,2,0,11,33,6,1,10,1,0.625,204,0.0,0,0.8181818000000001,0.43333334,1,1,39.4,,,,,,,1,0.8,0
jEdit,3.2.1,org.gjt.sp.jedit.EditBus,11,1,0,22,29,23,19,3,8,0.72,244,1.0,1,0.0,0.16,0,0,20.727272,,,,,,,5,1.7272726999999999,0
jEdit,3.2.1,org.gjt.sp.jedit.textarea.JEditTextArea$AdjustHandler,2,1,0,1,10,0,1,1,1,0.0,37,1.0,1,0.0,0.6666667,0,0,17.0,,,,,,,3,1.5,0
jEdit,3.2.1,org.gjt.sp.jedit.textarea.JEditTextArea$ScrollLayout,6,1,0,1,21,0,1,1,5,0.24,389,0.2,1,0.0,0.43333334,0,0,63.0,,,,,,,5,2.6666667,0
jEdit,3.2.1,bsh.Node,7,1,0,36,7,21,36,0,7,2.0,7,0.0,0,0.0,0.52380955,0,0,0.0,,,,,,,1,1.0,0
jEdit,3.2.1,org.gjt.sp.jedit.gui.EnhancedMenuItem,5,6,0,5,33,2,2,3,3,0.45833334,191,1.0,1,0.9962405999999999,0.4375,2,11,36.0,,,,,,,8,2.6,2
jEdit,3.2.1,org.gjt.sp.jedit.gui.CloseDialog$ActionHandler,2,1,0,5,21,0,1,5,1,0.0,137,1.0,1,0.0,0.6666667,0,0,67.0,,,,,,,7,3.5,0
jEdit,3.2.1,org.gjt.sp.jedit.search.HyperSearchResults$ResultCellRenderer,2,6,0,1,5,1,1,1,1,1.0,32,1.0,1,0.99861497,0.5833333,1,1,14.5,,,,,,,2,1.0,0
jEdit,3.2.1,org.gjt.sp.jedit.AbstractOptionPane,10,5,15,17,27,29,15,2,5,0.8055555999999999,258,1.0,0,0.98640484,0.5,0,0,24.4,,,,,,,2,1.1,1
jEdit,3.2.1,org.gjt.sp.jedit.gui.GrabKeyDialog$InputPane,3,6,0,4,28,1,2,3,1,0.5,196,1.0,1,0.9974811,0.5555555999999999,3,4,63.66666800000001,,,,,,,20,7.0,0
jEdit,3.2.1,org.gjt.sp.jedit.textarea.Gutter$MouseHandler,8,1,0,5,37,14,1,5,7,0.75,211,0.25,1,0.0,0.6666667,0,0,24.875,,,,,,,5,1.875,0
jEdit,3.2.1,org.gjt.sp.jedit.pluginmgr.PluginManagerProgress$5,3,1,0,1,6,1,1,1,1,0.5,25,1.0,1,0.0,0.6666667,0,0,6.666666499999999,,,,,,,1,0.6666667,0
jEdit,3.2.1,bsh.JThis,87,2,0,8,100,3741,0,8,84,2.0,711,0.0,0,0.104166664,0.054675367,1,2,7.172414,,,,,,,3,1.0229886000000001,0
jEdit,3.2.1,org.gjt.sp.jedit.pluginmgr.PluginList$PluginSet,3,1,0,4,10,0,2,2,1,1.0,42,0.0,0,0.0,0.5,0,0,12.0,,,,,,,3,1.3333334,0
jEdit,3.2.1,org.gjt.sp.jedit.gui.BeanShellErrorDialog,3,7,0,5,33,3,2,4,3,2.0,162,0.0,0,0.9969466,0.5555555999999999,0,0,53.0,,,,,,,1,0.6666667,1
jEdit,3.2.1,org.gjt.sp.jedit.pluginmgr.InstallPluginsDialog$ActionHandler,2,1,0,1,7,0,1,1,1,0.0,23,1.0,1,0.0,0.6666667,0,0,10.0,,,,,,,2,1.0,0
jEdit,3.2.1,org.gjt.sp.jedit.syntax.XModeHandler,19,2,0,11,75,123,1,11,8,0.8888889000000001,1106,1.0,5,0.41935483,0.23391813,1,1,55.894737,,,,,,,33,5.5789475,2
jEdit,3.2.1,org.gjt.sp.jedit.pluginmgr.PluginManager$ActionHandler,2,1,0,14,42,0,1,14,1,0.0,297,1.0,1,0.0,0.6666667,0,0,147.0,,,,,,,24,12.0,0
jEdit,3.2.1,org.gjt.sp.jedit.gui.BufferSwitcher,4,5,0,6,16,0,4,5,2,0.5,62,1.0,1,0.99585634,0.41666666,0,0,14.0,,,,,,,2,1.0,0
jEdit,3.2.1,gnu.regexp.RETokenPOSIX,6,2,0,4,22,3,1,3,0,1.0625,288,0.0,0,0.6363635999999999,0.2857143,1,2,44.333332,,,,,,,25,5.1666665,0
jEdit,3.2.1,org.gjt.sp.jedit.gui.CloseDialog$ListHandler,2,1,0,4,11,0,1,4,1,0.0,32,1.0,1,0.0,0.6666667,0,0,14.5,,,,,,,2,1.0,0
jEdit,3.2.1,org.gjt.sp.jedit.msg.MacrosChanged,1,3,0,4,2,0,2,2,1,2.0,5,0.0,0,1.0,1.0,0,0,4.0,,,,,,,0,0.0,0
jEdit,3.2.1,org.gjt.sp.jedit.View$4,3,1,0,3,8,1,1,3,1,0.6666667,42,1.0,2,0.0,0.6666667,0,0,12.0,,,,,,,2,1.0,0
jEdit,3.2.1,org.gjt.sp.jedit.View$ScrollHandler,3,1,0,4,7,1,1,4,2,0.5,21,1.0,1,0.0,0.6666667,0,0,5.6666665,,,,,,,2,1.0,0
jEdit,3.2.1,bsh.EvalError,11,3,2,51,20,0,51,1,9,0.1,137,0.0,1,0.65384614,0.57575756,1,1,11.363636,,,,,,,2,1.1818181,0
jEdit,3.2.1,bsh.BSHThrowStatement,2,2,0,7,7,1,1,6,1,2.0,30,0.0,0,0.94736844,0.625,1,1,14.0,,,,,,,1,0.5,0
jEdit,3.2.1,bsh.Primitive$Special,2,1,0,1,3,1,1,0,0,1.0,16,0.0,2,0.0,1.0,0,0,6.0,,,,,,,0,0.0,0
jEdit,3.2.1,org.gjt.sp.jedit.gui.CheckBoxListModel,11,2,0,2,23,25,1,1,7,0.8333333,167,0.6666667,0,0.64,0.3030303,2,2,13.909091,,,,,,,4,1.5454545,0
jEdit,3.2.1,bsh.commands.dir,6,1,0,2,40,13,0,2,5,0.6,374,0.0,0,0.0,0.28,0,0,61.16666800000001,,,,,,,11,3.0,0
jEdit,3.2.1,bsh.BSHArrayInitializer,4,2,0,10,23,6,3,7,2,2.0,175,0.0,0,0.85714287,0.5833333,1,1,42.75,,,,,,,1,0.75,0
jEdit,3.2.1,bsh.BSHMethodInvocation,2,2,0,12,17,1,1,11,1,2.0,63,0.0,0,0.94736844,0.625,1,1,30.5,,,,,,,1,0.5,0
jEdit,3.2.1,org.gjt.sp.jedit.gui.AbbrevEditor,5,5,0,4,26,0,3,1,5,0.25,339,1.0,0,0.99391174,0.6,0,0,66.4,,,,,,,12,4.2,0
jEdit,3.2.1,bsh.ClassPathException,1,4,0,3,2,0,2,1,1,2.0,5,0.0,0,1.0,1.0,0,0,4.0,,,,,,,0,0.0,0
jEdit,3.2.1,org.gjt.sp.jedit.options.AbbrevsOptionPane$HeaderMouseHandler,2,2,0,2,9,0,1,2,1,0.0,34,1.0,1,0.8888889000000001,0.6666667,0,0,15.5,,,,,,,2,1.0,0
jEdit,3.2.1,org.gjt.sp.jedit.pluginmgr.Roster$Install,7,1,0,7,49,15,1,6,2,0.7777778000000001,279,0.6666667,0,0.0,0.3469388,0,0,38.42857,,,,,,,3,1.5714285,0
jEdit,3.2.1,org.gjt.sp.jedit.OptionGroup,9,1,0,5,20,0,3,2,9,0.5,111,1.0,0,0.0,0.25925925,0,0,11.111111,,,,,,,3,1.5555556000000001,0
jEdit,3.2.1,org.gjt.sp.jedit.MiscUtilities,28,1,0,45,60,378,43,2,24,2.0,950,0.0,0,0.0,0.18367347,0,0,32.92857,,,,,,,14,3.7142856,4
jEdit,3.2.1,org.gjt.sp.jedit.options.ShortcutsOptionPane$ShortcutsModel$KeyCompare,2,1,0,3,5,0,1,3,1,0.5,87,0.5,1,0.0,0.625,0,0,41.5,,,,,,,9,4.5,0
jEdit,3.2.1,org.gjt.sp.jedit.gui.SplashScreen$1,3,1,0,1,7,1,1,1,1,0.5,25,1.0,1,0.0,0.8333333,0,0,7.0,,,,,,,1,0.6666667,0
jEdit,3.2.1,org.gjt.sp.jedit.msg.EditPaneUpdate,5,3,0,5,13,4,2,4,4,0.875,50,0.25,0,0.6666667,0.5,1,1,8.2,,,,,,,1,0.6,0
jEdit,3.2.1,org.gjt.sp.jedit.GUIUtilities$UnixWorkaround,1,1,0,3,7,0,3,2,0,2.0,45,0.0,0,0.0,1.0,0,0,38.0,,,,,,,0,0.0,0
jEdit,3.2.1,org.gjt.sp.jedit.pluginmgr.InstallPluginsDialog$ListHandler,2,1,0,6,26,0,1,6,1,0.0,187,1.0,1,0.0,0.6666667,0,0,92.0,,,,,,,11,5.5,0
jEdit,3.2.1,bsh.BshMethod,4,1,0,13,20,0,5,10,4,0.5555555999999999,301,0.33333334,2,0.0,0.35714287,0,0,73.5,,,,,,,2,1.0,0
jEdit,3.2.1,org.gjt.sp.jedit.Autosave,4,1,0,2,11,4,1,2,3,0.6666667,58,1.0,0,0.0,0.33333334,0,0,13.25,,,,,,,4,2.0,0
jEdit,3.2.1,org.gjt.sp.jedit.gui.IOProgressMonitor$ThreadProgress$ActionHandler,2,1,0,6,11,0,1,6,1,0.0,38,1.0,2,0.0,0.6666667,0,0,17.0,,,,,,,3,1.5,0
jEdit,3.2.1,org.gjt.sp.jedit.options.ToolBarOptionPane,13,6,0,14,75,44,4,13,1,0.8148148000000001,517,1.0,0,0.98219585,0.5,3,5,38.076923,,,,,,,12,2.3076923,1
jEdit,3.2.1,org.gjt.sp.jedit.gui.HelpViewer$TOCHandler,5,2,0,2,16,2,1,2,4,0.75,97,1.0,1,0.7647059,0.37142858,1,3,17.2,,,,,,,4,1.8,0
jEdit,3.2.1,org.gjt.sp.jedit.search.RESearchMatcher,4,1,0,11,25,0,2,9,3,0.6111111,145,0.8333333,3,0.0,0.5833333,0,0,33.75,,,,,,,3,1.0,4
jEdit,3.2.1,org.gjt.sp.jedit.search.BufferListSet$2,3,1,0,4,5,1,1,4,1,0.6666667,33,1.0,2,0.0,0.5833333,0,0,9.0,,,,,,,1,0.6666667,0
jEdit,3.2.1,org.gjt.sp.jedit.pluginmgr.PluginManagerProgress,17,6,0,14,59,94,13,9,8,0.8984375,334,1.0,1,0.9760120000000001,0.21323529,3,6,18.176470000000002,,,,,,,5,1.3529412,1
jEdit,3.2.1,org.gjt.sp.jedit.EBPlugin,2,2,0,4,3,1,1,3,1,2.0,6,0.0,0,0.9,0.75,0,0,2.0,,,,,,,1,0.5,0
jEdit,3.2.1,bsh.BSHFormalParameters,2,2,0,9,6,1,3,6,1,1.0,54,0.0,0,0.94736844,0.6666667,1,2,24.5,,,,,,,1,0.5,0
jEdit,3.2.1,org.gjt.sp.jedit.search.CurrentBufferSet,6,1,0,6,8,15,3,3,6,2.0,24,0.0,0,0.0,0.5555555999999999,0,0,3.0,,,,,,,2,1.0,0
jEdit,3.2.1,bsh.BSHImportDeclaration,2,2,0,10,9,1,1,9,1,1.0,36,0.0,0,0.94736844,0.625,1,1,16.0,,,,,,,1,0.5,0
jEdit,3.2.1,gnu.regexp.CharIndexedInputStream,5,1,0,3,12,0,2,1,3,0.53125,251,1.0,0,0.0,0.6,0,0,47.6,,,,,,,10,3.8,0
jEdit,3.2.1,org.gjt.sp.jedit.gui.BufferOptions,15,7,0,12,91,47,2,11,3,0.80803573,1186,1.0,3,0.9790105,0.28333333,1,1,77.0,,,,,,,7,1.3333334,6
jEdit,3.2.1,bsh.CommandLineReader,4,3,0,1,8,4,1,0,4,1.0,82,0.0,0,0.85714287,0.35,2,2,18.5,,,,,,,1,0.75,0
jEdit,3.2.1,org.gjt.sp.jedit.options.ContextOptionPane$ActionHandler,2,1,0,3,20,0,1,3,1,0.0,150,1.0,1,0.0,0.6666667,0,0,73.5,,,,,,,7,3.5,0
jEdit,3.2.1,org.gjt.sp.jedit.search.HyperSearchRequest,6,2,0,14,40,3,3,14,2,0.72,252,1.0,3,0.5,0.30555555,1,1,40.166668,,,,,,,10,2.3333333,3
jEdit,3.2.1,org.gjt.sp.jedit.pluginmgr.PluginManagerProgress$4,3,1,0,1,9,1,1,1,1,0.5,32,1.0,1,0.0,0.8333333,0,0,9.333333,,,,,,,1,0.6666667,0
jEdit,3.2.1,org.gjt.sp.jedit.pluginmgr.PluginManagerProgress$ActionHandler,2,1,0,1,8,0,1,1,1,0.0,23,1.0,1,0.0,0.6666667,0,0,10.0,,,,,,,2,1.0,0
jEdit,3.2.1,bsh.StringUtil,5,1,0,1,24,10,1,0,5,2.0,206,0.0,0,0.0,0.3,0,0,40.2,,,,,,,6,3.0,0
jEdit,3.2.1,bsh.XThis,5,2,0,4,18,8,1,4,2,0.75,106,0.0,0,0.71428573,0.33333334,1,2,20.0,,,,,,,3,1.2,0
jEdit,3.2.1,org.gjt.sp.jedit.gui.FontSelector$ActionHandler,2,1,0,2,8,0,1,2,1,0.0,29,1.0,1,0.0,0.6666667,0,0,13.0,,,,,,,2,1.0,0
jEdit,3.2.1,org.gjt.sp.jedit.gui.EditAbbrevDialog$KeyHandler,2,2,0,1,5,0,1,1,1,0.0,17,1.0,1,0.75,0.6666667,0,0,7.0,,,,,,,2,1.0,0
jEdit,3.2.1,org.gjt.sp.jedit.io.FileRootsVFS,6,2,0,4,20,13,1,3,5,0.95,126,0.75,0,0.8076923,0.5416667,1,3,19.333334,,,,,,,4,1.3333334,0
jEdit,3.2.1,com.microstar.xml.XmlHandler,13,1,0,6,13,78,6,0,13,2.0,13,0.0,0,0.0,0.43076923,0,0,0.0,,,,,,,1,1.0,0
jEdit,3.2.1,org.gjt.sp.jedit.options.ContextAddDialog,10,7,0,7,56,21,2,6,4,0.8333333,384,1.0,0,0.98640484,0.3,0,0,36.6,,,,,,,5,1.3,0
jEdit,3.2.1,org.gjt.sp.jedit.gui.PastePrevious,12,7,0,7,57,52,1,7,10,0.7090909000000001,279,1.0,2,0.9834337,0.27777779999999996,0,0,21.833334,,,,,,,3,1.3333334,1
jEdit,3.2.1,gnu.regexp.RETokenOneOf,5,2,0,5,22,0,1,4,0,0.125,206,1.0,0,0.7,0.35,1,3,39.8,,,,,,,11,4.0,0
jEdit,3.2.1,gnu.regexp.RETokenWordBoundary,3,2,0,4,8,0,1,3,0,0.75,151,0.5,0,0.7777778000000001,0.44444445,1,2,48.0,,,,,,,18,7.333333500000001,0
jEdit,3.2.1,org.gjt.sp.jedit.browser.VFSBrowser$ActionHandler,2,1,0,6,26,0,1,6,1,0.0,119,1.0,1,0.0,0.6666667,0,0,58.0,,,,,,,10,5.0,0
jEdit,3.2.1,bsh.BSHReturnStatement,2,2,0,9,7,1,1,8,1,1.0,28,0.0,0,0.94736844,0.625,1,1,12.5,,,,,,,1,0.5,0
jEdit,3.2.1,org.gjt.sp.jedit.gui.CurrentDirectoryMenu$1,3,1,0,4,6,1,1,4,1,0.75,25,1.0,2,0.0,0.5833333,0,0,6.666666499999999,,,,,,,1,0.6666667,0
jEdit,3.2.1,org.gjt.sp.jedit.msg.BufferUpdate,6,3,0,14,14,5,11,5,5,0.92727274,81,0.18181819,1,0.6,0.4,1,1,10.666667,,,,,,,1,0.6666667,0
jEdit,3.2.1,bsh.Token,3,1,0,5,4,3,5,0,2,1.4375,23,0.0,2,0.0,0.5,0,0,4.0,,,,,,,2,1.0,0
jEdit,3.2.1,bsh.NameSource$Listener,1,1,0,2,1,0,2,1,1,2.0,1,0.0,0,0.0,1.0,0,0,0.0,,,,,,,1,1.0,0
jEdit,3.2.1,org.gjt.sp.jedit.gui.MarkersMenu,2,8,0,9,25,1,2,8,2,2.0,127,0.0,0,0.99883586,0.75,3,4,62.5,,,,,,,9,4.5,2
jEdit,3.2.1,org.gjt.sp.jedit.options.AbbrevsModel$AbbrevCompare,2,1,0,3,5,0,1,3,1,0.5,46,0.5,1,0.0,0.625,0,0,21.0,,,,,,,2,1.0,0
jEdit,3.2.1,gnu.regexp.RETokenRepeated,7,2,0,4,21,0,1,3,0,0.5416667,300,1.0,1,0.53846157,0.33333334,1,3,41.285713,,,,,,,16,4.714286,0
jEdit,3.2.1,org.gjt.sp.jedit.search.AllBufferSet,5,2,0,7,22,4,1,6,3,0.625,93,1.0,0,0.6363635999999999,0.6,0,0,17.2,,,,,,,4,1.4,0
jEdit,3.2.1,org.gjt.sp.jedit.options.ShortcutsOptionPane,13,6,0,11,60,50,5,10,1,0.81666666,361,1.0,1,0.98219585,0.24358974,4,12,26.384615000000004,,,,,,,5,1.9230769,0
jEdit,3.2.1,org.gjt.sp.jedit.pluginmgr.PluginListHandler,12,2,0,7,38,38,1,7,8,0.8636364,470,1.0,4,0.5416667,0.31944445,1,3,36.5,,,,,,,12,3.3333333,1
jEdit,3.2.1,org.gjt.sp.jedit.gui.IOProgressMonitor$WorkThreadHandler,2,1,0,4,6,0,1,4,1,0.0,19,1.0,1,0.0,0.625,0,0,8.0,,,,,,,1,0.5,0
jEdit,3.2.1,org.gjt.sp.jedit.search.SearchAndReplace,31,1,0,34,108,197,9,27,28,0.64,1228,1.0,2,0.0,0.11290322,0,0,38.29032,,,,,,,23,3.1290324000000003,9
jEdit,3.2.1,bsh.BSHVariableDeclarator,2,2,0,10,9,1,2,8,1,2.0,40,0.0,0,0.94736844,0.6,1,2,18.5,,,,,,,1,0.5,0
jEdit,3.2.1,org.gjt.sp.jedit.gui.CompleteWord,6,5,0,5,34,0,3,5,2,0.4,129,1.0,1,0.9918167,0.27777779999999996,0,0,20.0,,,,,,,1,0.8333333,1
jEdit,3.2.1,org.gjt.sp.jedit.Macros$MacrosEBComponent,3,1,0,6,14,3,1,6,1,2.0,76,0.0,0,0.0,0.5555555999999999,0,0,24.333334,,,,,,,9,4.0,0
jEdit,3.2.1,org.gjt.sp.jedit.Registers$ClipboardRegister,3,1,0,3,20,0,1,2,3,0.0,86,0.0,0,0.0,0.5555555999999999,0,0,27.333334000000004,,,,,,,5,2.0,0
jEdit,3.2.1,org.gjt.sp.jedit.options.ColorOptionPane$MouseHandler,2,2,0,3,11,0,1,3,1,0.0,43,1.0,1,0.8888889000000001,0.6666667,0,0,20.0,,,,,,,3,1.5,0
jEdit,3.2.1,org.gjt.sp.jedit.gui.PluginsMenu,1,8,0,9,22,0,1,9,1,2.0,111,0.0,0,1.0,1.0,0,0,110.0,,,,,,,0,0.0,0
jEdit,3.2.1,com.microstar.xml.XmlException,5,3,0,5,6,2,5,0,5,0.75,36,1.0,0,0.8095238,0.46666667,1,1,5.4,,,,,,,1,0.8,0
jEdit,3.2.1,org.gjt.sp.jedit.View$FocusHandler,2,2,0,2,6,0,1,2,1,0.0,29,1.0,1,0.6666667,0.6666667,0,0,13.0,,,,,,,3,1.5,0
jEdit,3.2.1,org.gjt.sp.jedit.gui.OptionsDialog$OptionTreeModel,13,1,0,3,30,34,1,3,8,0.8055555999999999,283,1.0,2,0.0,0.33653846,0,0,20.538462,,,,,,,5,2.5384613999999996,0
jEdit,3.2.1,org.gjt.sp.jedit.jEdit$2,3,1,0,5,20,1,1,4,1,0.5,101,1.0,2,0.0,0.5,0,0,31.666665999999996,,,,,,,7,2.6666667,0
jEdit,3.2.1,org.gjt.sp.jedit.Macros$Macro,2,1,0,6,4,0,5,2,2,0.6666667,30,0.0,1,0.0,0.75,0,0,12.5,,,,,,,1,0.5,0
jEdit,3.2.1,org.gjt.sp.jedit.syntax.TokenMarker$LineContext,5,1,0,5,6,0,3,2,5,0.5,66,0.0,3,0.0,0.5,0,0,11.6,,,,,,,2,0.4,0
jEdit,3.2.1,gnu.regexp.REMatch,15,1,0,19,28,0,18,1,11,0.66964287,391,0.125,1,0.0,0.33333334,0,0,24.533333,,,,,,,6,2.2666667,0
jEdit,3.2.1,org.gjt.sp.jedit.browser.VFSBrowser$UpMenuButton$MouseHandler,2,2,0,1,11,0,1,1,1,0.0,44,1.0,1,0.8888889000000001,0.6666667,0,0,20.5,,,,,,,3,1.5,0
jEdit,3.2.1,org.gjt.sp.jedit.pluginmgr.PluginList$Plugin,6,1,0,16,29,11,7,9,1,0.94285715,183,0.0,0,0.0,0.375,0,0,28.333334000000004,,,,,,,6,3.0,0
jEdit,3.2.1,gnu.regexp.RETokenBackRef,3,2,0,4,8,0,1,3,0,0.5,77,1.0,0,0.7777778000000001,0.44444445,1,2,24.0,,,,,,,5,2.0,0
jEdit,3.2.1,org.gjt.sp.jedit.gui.FontSelectorDialog$ActionHandler,2,1,0,1,8,0,1,1,1,0.0,29,1.0,1,0.0,0.6666667,0,0,13.0,,,,,,,3,1.5,0
jEdit,3.2.1,org.gjt.sp.jedit.textarea.TextRenderer,13,1,2,6,32,76,5,2,8,0.9722221999999999,439,0.33333334,0,0.0,0.31818179999999996,0,0,32.53846,,,,,,,10,2.4615386000000004,0
jEdit,3.2.1,org.gjt.sp.jedit.Macros$1,3,1,0,2,6,1,1,2,1,0.5,18,1.0,1,0.0,0.6666667,0,0,4.6666665,,,,,,,1,0.6666667,0
jEdit,3.2.1,org.gjt.sp.jedit.Buffer$2,3,1,0,3,11,1,1,3,1,0.5,44,1.0,2,0.0,0.6666667,0,0,13.0,,,,,,,2,1.0,0
jEdit,3.2.1,org.gjt.sp.util.WorkRequest,6,1,3,4,12,15,3,1,6,2.0,49,0.0,0,0.0,0.41666666,0,0,7.166666499999999,,,,,,,2,1.5,0
jEdit,3.2.1,org.gjt.sp.jedit.Macros$2,3,1,0,2,6,1,1,2,1,0.5,18,1.0,1,0.0,0.6666667,0,0,4.6666665,,,,,,,1,0.6666667,0
jEdit,3.2.1,org.gjt.sp.jedit.Buffer$UndoHandler,2,1,0,1,5,0,1,1,1,0.0,15,1.0,1,0.0,0.6666667,0,0,6.0,,,,,,,1,0.5,0
jEdit,3.2.1,org.gjt.sp.jedit.io.FavoritesVFS,10,2,0,5,28,13,3,4,9,0.7222221999999999,230,0.75,1,0.7241379,0.4722222,1,3,21.6,,,,,,,3,1.2,2
jEdit,3.2.1,org.gjt.sp.jedit.gui.TipOfTheDay$TipPanel,7,5,0,4,53,11,2,4,0,0.7777778000000001,266,1.0,1,0.9908953000000001,0.3809524,2,5,36.142857,,,,,,,3,1.1428572,0
jEdit,3.2.1,bsh.BSHPrimaryExpression,2,2,0,8,8,1,1,7,1,2.0,50,0.0,0,0.94736844,0.625,1,1,24.0,,,,,,,1,0.5,0
jEdit,3.2.1,bsh.ReflectError,2,3,0,7,4,1,7,0,2,2.0,9,0.0,0,1.0,0.75,0,0,3.5,,,,,,,0,0.0,0
jEdit,3.2.1,org.gjt.sp.util.WorkThreadPool$RunRequestsInAWTThread,2,1,0,1,5,0,1,1,1,0.0,17,1.0,1,0.0,0.75,0,0,7.0,,,,,,,1,0.5,0
jEdit,3.2.1,org.gjt.sp.jedit.Buffer$BufferProps,2,3,0,3,11,0,1,3,1,0.0,54,1.0,1,0.974359,0.6666667,0,0,25.5,,,,,,,5,2.5,0
jEdit,3.2.1,org.gjt.sp.jedit.pluginmgr.PluginManagerProgress$1,3,1,0,1,6,1,1,1,1,0.5,25,1.0,1,0.0,0.6666667,0,0,6.666666499999999,,,,,,,1,0.6666667,0
jEdit,3.2.1,bsh.BSHFormalParameter,3,2,0,9,7,1,3,6,1,1.0,30,0.0,0,0.94736844,0.6666667,1,2,8.0,,,,,,,1,0.33333334,0
jEdit,3.2.1,org.gjt.sp.jedit.BufferHistory$Entry,2,1,0,5,4,0,4,2,2,0.75,25,0.0,0,0.0,0.6666667,0,0,9.5,,,,,,,1,0.5,0
jEdit,3.2.1,org.gjt.sp.jedit.options.ToolBarOptionPane$ActionHandler,2,1,0,3,21,0,1,3,1,0.0,153,1.0,1,0.0,0.6666667,0,0,75.0,,,,,,,7,3.5,0
jEdit,3.2.1,bsh.BSHLiteral,5,2,0,7,20,4,1,6,2,0.5,153,0.0,0,0.8181818000000001,0.36666667,0,0,29.4,,,,,,,10,4.0,0
jEdit,3.2.1,org.gjt.sp.jedit.EditPlugin$Broken,2,2,0,3,3,0,2,1,1,0.0,12,1.0,0,0.9,0.75,0,0,4.5,,,,,,,1,0.5,0
jEdit,3.2.1,org.gjt.sp.jedit.gui.StatusBar$1,3,1,0,1,5,1,1,1,1,0.5,19,1.0,1,0.0,0.6666667,0,0,5.0,,,,,,,1,0.6666667,0
jEdit,3.2.1,bsh.BSHTypedVariableDeclaration,3,2,0,11,13,3,1,10,1,1.0,101,0.0,0,0.9,0.44444445,1,1,32.333332,,,,,,,6,2.3333333,0
jEdit,3.2.1,org.gjt.sp.jedit.GUIUtilities$UnixWorkaround$ComponentHandler,3,2,0,1,9,0,1,1,2,0.0,98,1.0,1,0.6666667,0.6666667,1,1,31.333334000000004,,,,,,,4,2.6666667,0
jEdit,3.2.1,org.gjt.sp.util.Log$1,4,2,0,1,7,4,1,1,2,0.33333334,46,1.0,0,0.625,0.5625,1,1,10.0,,,,,,,1,0.75,0
jEdit,3.2.1,org.gjt.sp.jedit.View,55,6,0,109,200,1197,99,30,40,0.8923610999999999,1437,0.875,8,0.9227468000000001,0.0784689,1,1,24.836363000000002,,,,,,,13,2.509091,5
jEdit,3.2.1,org.gjt.sp.jedit.browser.VFSFileChooserDialog$ActionHandler,2,1,0,1,8,0,1,1,1,0.0,29,1.0,1,0.0,0.6666667,0,0,13.0,,,,,,,3,1.5,0
jEdit,3.2.1,bsh.Name$ClassIdentifier,3,1,0,2,8,0,2,0,3,0.0,24,0.0,0,0.0,0.6666667,0,0,6.666666499999999,,,,,,,1,0.6666667,0
jEdit,3.2.1,org.gjt.sp.jedit.jEdit$1,3,1,0,13,22,1,1,13,1,0.5,75,1.0,1,0.0,0.5555555999999999,0,0,23.333334,,,,,,,7,2.6666667,0
jEdit,3.2.1,org.gjt.sp.jedit.gui.GrabKeyDialog,21,6,0,7,71,170,4,6,5,0.9,508,1.0,2,0.97019374,0.16931216,1,1,22.714285,,,,,,,8,1.8571428,1
jEdit,3.2.1,org.gjt.sp.jedit.pluginmgr.PluginList$Branch,4,1,0,7,15,0,6,2,1,0.9444444,88,0.0,0,0.0,0.4375,0,0,19.5,,,,,,,3,1.5,0
jEdit,3.2.1,org.gjt.sp.jedit.search.BufferListSet,9,1,2,9,24,6,4,7,8,0.375,174,1.0,0,0.0,0.29629629999999996,0,0,18.222220999999998,,,,,,,6,1.8888888,0
jEdit,3.2.1,org.gjt.sp.jedit.textarea.TextRendererAWT,4,2,0,1,11,6,1,1,0,2.0,93,0.0,0,0.78571427,0.5714286,1,2,22.25,,,,,,,5,1.75,0
jEdit,3.2.1,org.gjt.sp.jedit.textarea.ScrollListener,2,1,0,3,2,1,3,1,2,2.0,2,0.0,0,0.0,1.0,0,0,0.0,,,,,,,1,1.0,0
jEdit,3.2.1,gnu.regexp.CharUnit,1,1,0,1,2,0,1,0,0,2.0,6,0.0,0,0.0,1.0,0,0,3.0,,,,,,,0,0.0,0
jEdit,3.2.1,org.gjt.sp.jedit.gui.DockableWindowManager,18,5,0,16,62,31,5,14,16,0.7941176,551,0.5833333,5,0.9760837,0.31764707,0,0,28.944445,,,,,,,7,1.9444443999999999,8
jEdit,3.2.1,org.gjt.sp.jedit.options.ToolBarOptionPane$ListHandler,2,1,0,1,4,0,1,1,1,0.0,13,1.0,1,0.0,0.6666667,0,0,5.0,,,,,,,1,0.5,0
jEdit,3.2.1,org.gjt.sp.util.WorkThreadPool$1,3,1,0,2,8,1,1,2,1,0.5,58,1.0,1,0.0,0.5833333,0,0,17.333334,,,,,,,4,1.6666666,0
jEdit,3.2.1,org.gjt.sp.jedit.browser.FileCellRenderer,4,5,0,5,32,0,1,4,2,0.57575756,313,0.90909094,0,0.9956011999999999,0.375,0,0,74.5,,,,,,,11,4.0,4
jEdit,3.2.1,org.gjt.sp.jedit.options.GeneralOptionPane,3,6,0,4,34,1,1,3,1,0.5,370,1.0,0,0.99698794,1.0,2,4,118.0,,,,,,,5,2.6666667,0
jEdit,3.2.1,org.gjt.sp.util.Log,13,1,0,64,55,36,64,1,7,0.8869048,433,0.5714286,0,0.0,0.17857143,0,0,31.23077,,,,,,,7,2.3076923,0
jEdit,3.2.1,gnu.regexp.REMatchEnumeration,6,1,0,3,11,9,1,3,5,0.6,113,1.0,3,0.0,0.33333334,0,0,16.333334,,,,,,,5,1.5,0
jEdit,3.2.1,org.gjt.sp.jedit.browser.VFSBrowser$MoreMenuButton,2,6,0,4,13,0,2,4,0,1.0,47,0.5,1,0.9986894000000001,0.5,0,0,21.5,,,,,,,1,0.5,0
jEdit,3.2.1,org.gjt.sp.jedit.gui.BufferSwitcher$ActionHandler,2,1,0,3,7,0,1,3,1,0.0,26,1.0,1,0.0,0.6666667,0,0,11.5,,,,,,,3,1.5,0
jEdit,3.2.1,org.gjt.sp.jedit.options.StyleOptionPane$MouseHandler,2,2,0,4,11,0,1,4,1,0.0,44,1.0,1,0.8888889000000001,0.6666667,0,0,20.5,,,,,,,3,1.5,0
jEdit,3.2.1,org.gjt.sp.jedit.options.ContextAddDialog$ActionHandler,2,1,0,1,14,0,1,1,1,0.0,49,1.0,1,0.0,0.6666667,0,0,23.0,,,,,,,4,2.0,0
jEdit,3.2.1,org.gjt.sp.jedit.search.HyperSearchResult,6,1,0,8,23,3,4,4,5,0.68,128,0.0,1,0.0,0.45833334,0,0,19.5,,,,,,,2,1.3333334,1
jEdit,3.2.1,bsh.Reflect,36,1,0,23,109,630,12,14,14,2.0,1557,0.0,0,0.0,0.15598291,0,0,42.25,,,,,,,30,3.1111112000000003,0
jEdit,3.2.1,org.gjt.sp.jedit.msg.EditorExiting,1,3,0,3,2,0,1,2,1,2.0,5,0.0,0,1.0,1.0,0,0,4.0,,,,,,,0,0.0,0
jEdit,3.2.1,gnu.regexp.RESyntax,9,1,0,4,18,0,4,1,8,1.0159575,361,0.10638298,16,0.0,0.40625,0,0,33.88889,,,,,,,2,1.0,0
jEdit,3.2.1,org.gjt.sp.jedit.browser.BrowserView$BrowserJTree,8,5,0,7,69,16,1,7,2,0.7619048,466,1.0,1,0.9912827,0.28125,2,7,56.875,,,,,,,15,5.0,0
jEdit,3.2.1,org.gjt.sp.jedit.options.DockingOptionPane,5,6,0,6,51,6,2,5,3,0.75,260,1.0,1,0.993994,1.0,2,4,50.0,,,,,,,3,1.4,1
jEdit,3.2.1,org.gjt.sp.jedit.options.BrowserOptionPane,3,6,0,3,17,1,1,2,3,0.5,263,1.0,0,0.99698794,1.0,2,4,84.0,,,,,,,5,2.0,2
jEdit,3.2.1,gnu.regexp.REFilterReader,5,3,0,4,18,8,0,4,5,0.375,173,1.0,2,0.8181818000000001,0.36666667,2,3,32.4,,,,,,,7,2.6,0
jEdit,3.2.1,org.gjt.sp.jedit.options.WindowTableModel$Entry,2,1,0,3,10,0,2,2,0,0.4,86,0.2,1,0.0,0.6666667,0,0,39.5,,,,,,,1,0.5,0
jEdit,3.2.1,org.gjt.sp.jedit.io.UrlVFS,6,2,0,4,19,15,1,4,6,2.0,93,0.0,0,0.8076923,0.5,1,3,14.5,,,,,,,2,1.0,1
jEdit,3.2.1,org.gjt.sp.jedit.msg.VFSUpdate,3,2,0,6,9,0,4,2,3,0.0,34,1.0,0,0.71428573,0.6666667,1,1,10.0,,,,,,,1,0.6666667,0
jEdit,3.2.1,gnu.regexp.REFilterInputStream,5,3,0,4,18,8,0,4,5,0.375,173,1.0,2,0.8181818000000001,0.36666667,2,3,32.4,,,,,,,7,2.6,0
jEdit,3.2.1,org.gjt.sp.jedit.io.FileVFS,21,2,0,12,94,198,5,9,19,0.94,981,0.6,0,0.525,0.375,2,4,45.47619,,,,,,,16,3.1904762000000004,6
jEdit,3.2.1,org.gjt.sp.jedit.gui.SelectLineRange,5,7,0,8,52,2,1,8,4,0.5,364,1.0,1,0.99391174,0.46666667,0,0,70.8,,,,,,,3,1.6,0
jEdit,3.2.1,bsh.Interpreter,51,1,0,58,132,925,44,21,42,0.7764706,1458,0.11764706,5,0.0,0.14400000000000002,0,0,27.254902,,,,,,,33,1.6666666,0
jEdit,3.2.1,org.gjt.sp.jedit.gui.StatusBar,14,5,0,20,72,37,17,11,8,0.85714287,533,0.9285714,3,0.9804805,0.25714287,2,5,36.07143,,,,,,,6,1.7857143,4
jEdit,3.2.1,bsh.BSHBlock,3,2,0,14,10,3,5,9,2,2.0,63,0.0,0,0.9,0.6,1,1,20.0,,,,,,,1,0.6666667,0
jEdit,3.2.1,org.gjt.sp.jedit.Abbrevs$Expansion,1,1,0,1,12,0,1,0,0,2.0,146,0.0,0,0.0,1.0,0,0,142.0,,,,,,,0,0.0,0
jEdit,3.2.1,org.gjt.sp.jedit.browser.VFSBrowser,54,5,0,41,175,1183,21,27,25,0.9303338,1425,0.84615386,5,0.92624116,0.12289562,3,12,24.907408,,,,,,,11,2.1296296000000003,18
jEdit,3.2.1,org.gjt.sp.jedit.options.ColorOptionPane,8,6,0,5,31,20,2,4,1,0.7619048,123,0.6666667,1,0.99101794,0.5,4,12,14.0,,,,,,,2,0.875,2
jEdit,3.2.1,org.gjt.sp.jedit.syntax.ParserRule,1,1,0,6,2,0,6,0,0,2.0,21,0.0,1,0.0,1.0,0,0,15.0,,,,,,,0,0.0,0
jEdit,3.2.1,org.gjt.sp.jedit.gui.BufferOptions$ActionHandler,2,1,0,3,23,0,1,3,1,0.0,99,1.0,1,0.0,0.6666667,0,0,48.0,,,,,,,4,2.0,0
jEdit,3.2.1,org.gjt.sp.jedit.gui.GrabKeyDialog$ActionHandler,3,1,0,4,22,0,1,4,1,0.0,190,1.0,1,0.0,0.5555555999999999,0,0,62.0,,,,,,,13,6.0,0
jEdit,3.2.1,bsh.XThis$Handler,2,1,0,10,19,0,1,10,1,0.0,136,1.0,1,0.0,0.6,0,0,66.5,,,,,,,1,0.5,0
jEdit,3.2.1,gnu.regexp.RETokenAny,4,2,0,4,8,4,1,3,0,0.6666667,55,1.0,0,0.7,0.375,1,2,12.25,,,,,,,6,2.0,0
jEdit,3.2.1,bsh.BSHPrimarySuffix,5,2,0,16,35,10,2,14,1,1.1428572,256,0.0,0,0.8181818000000001,0.72,0,0,48.8,,,,,,,1,0.8,0
jEdit,3.2.1,bsh.SimpleNode,19,1,35,50,30,147,46,7,19,0.8888889000000001,240,0.5,4,0.0,0.23308271,0,0,11.315789,,,,,,,6,1.6315788999999998,0
jEdit,3.2.1,org.gjt.sp.jedit.gui.AddAbbrevDialog,6,6,0,7,35,5,3,6,1,0.8333333,229,1.0,2,0.99237806,0.33333334,0,0,36.166668,,,,,,,1,0.8333333,0
jEdit,3.2.1,org.gjt.sp.jedit.gui.FontSelectorDialog$ListHandler,2,1,0,1,13,0,1,1,1,0.0,72,1.0,1,0.0,0.6666667,0,0,34.5,,,,,,,5,2.5,0
jEdit,3.2.1,org.gjt.sp.jedit.gui.MacrosMenu,6,8,0,10,24,15,1,10,4,2.0,144,0.0,0,0.99420625,0.33333334,1,7,23.0,,,,,,,5,2.1666667,0
jEdit,3.2.1,org.gjt.sp.jedit.search.SearchBar$KeyHandler,2,2,0,4,14,0,1,4,1,0.0,51,1.0,1,0.75,0.6666667,0,0,24.0,,,,,,,2,1.0,0
jEdit,3.2.1,org.gjt.sp.jedit.search.HyperSearchResults$2,3,1,0,6,12,1,1,6,1,0.625,54,1.0,4,0.0,0.5833333,0,0,15.666667000000002,,,,,,,1,0.6666667,0
jEdit,3.2.1,org.gjt.sp.jedit.gui.HistoryTextField$MouseHandler,2,2,0,1,10,0,1,1,1,0.0,38,1.0,1,0.6666667,0.6666667,0,0,17.5,,,,,,,2,1.0,0
jEdit,3.2.1,org.gjt.sp.jedit.gui.StatusBar$VICaretStatus,3,4,0,4,38,0,1,4,2,0.6666667,264,1.0,1,0.99691355,0.44444445,1,2,86.0,,,,,,,6,3.3333333,0
jEdit,3.2.1,org.gjt.sp.jedit.browser.BrowserListener,2,1,0,4,2,1,3,2,2,2.0,2,0.0,0,0.0,1.0,0,0,0.0,,,,,,,1,1.0,0
jEdit,3.2.1,org.gjt.sp.jedit.search.SearchDialog$MultiFileActionHandler,2,1,0,2,17,0,1,2,1,0.0,52,1.0,1,0.0,0.6666667,0,0,24.5,,,,,,,2,1.0,0
jEdit,3.2.1,org.gjt.sp.jedit.gui.EditAbbrevDialog,5,6,0,6,39,0,3,5,2,0.8,210,1.0,1,0.99389315,0.32,0,0,40.0,,,,,,,2,1.0,0
jEdit,3.2.1,org.gjt.sp.jedit.options.ShortcutsOptionPane$ActionHandler,2,1,0,2,9,0,1,2,1,0.0,32,1.0,1,0.0,0.6666667,0,0,14.5,,,,,,,2,1.0,0
jEdit,3.2.1,org.gjt.sp.jedit.GUIUtilities$UnixWorkaround$WindowHandler,2,2,0,2,10,0,1,2,1,0.0,128,1.0,1,0.90909094,0.6666667,0,0,62.5,,,,,,,5,2.5,0
jEdit,3.2.1,org.gjt.sp.jedit.gui.RecentFilesMenu$1,3,1,0,5,8,1,1,5,1,0.75,30,1.0,2,0.0,0.5833333,0,0,8.333333,,,,,,,1,0.6666667,0
jEdit,3.2.1,org.gjt.sp.jedit.browser.VFSFileChooserDialog$KeyHandler,2,2,0,3,6,0,1,3,1,0.0,15,1.0,1,0.75,0.6666667,0,0,6.0,,,,,,,1,0.5,0
jEdit,3.2.1,org.gjt.sp.jedit.gui.DockableWindowContainer,5,1,0,5,5,10,4,1,5,2.0,5,0.0,0,0.0,1.0,0,0,0.0,,,,,,,1,1.0,0
jEdit,3.2.1,org.gjt.sp.jedit.gui.ViewRegisters$ActionHandler,2,1,0,1,6,0,1,1,1,0.0,19,1.0,1,0.0,0.6666667,0,0,8.0,,,,,,,2,1.0,0
jEdit,3.2.1,org.gjt.sp.jedit.options.ModeOptionPane$ModeProperties,3,1,0,4,16,0,2,3,0,0.55,500,0.05,2,0.0,0.5555555999999999,0,0,159.0,,,,,,,4,2.3333333,0
jEdit,3.2.1,bsh.BSHReturnType,2,2,0,8,5,1,2,6,1,1.0,19,0.0,0,0.94736844,0.6666667,0,0,8.0,,,,,,,1,0.5,0
jEdit,3.2.1,org.gjt.sp.jedit.msg.EditorStarted,1,3,0,3,2,0,1,2,1,2.0,5,0.0,0,1.0,1.0,0,0,4.0,,,,,,,0,0.0,0
jEdit,3.2.1,org.gjt.sp.jedit.options.ShortcutsOptionPane$HeaderMouseHandler,2,2,0,2,9,0,1,2,1,0.0,36,1.0,1,0.8888889000000001,0.6666667,0,0,16.5,,,,,,,2,1.0,0
jEdit,3.2.1,org.gjt.sp.jedit.syntax.KeywordMap$Keyword,1,1,0,1,2,0,1,1,1,2.0,20,0.25,2,0.0,1.0,0,0,15.0,,,,,,,0,0.0,0
jEdit,3.2.1,org.gjt.sp.jedit.gui.HistoryTextField$ActionHandler,2,1,0,2,14,0,1,2,1,0.0,51,1.0,1,0.0,0.6666667,0,0,24.0,,,,,,,3,1.5,0
jEdit,3.2.1,org.gjt.sp.jedit.pluginmgr.Roster$Operation,2,1,0,6,2,1,5,1,2,2.0,2,0.0,0,0.0,0.6666667,0,0,0.0,,,,,,,1,1.0,0
jEdit,3.2.1,org.gjt.sp.jedit.syntax.ParserRuleFactory,11,1,0,3,16,55,2,1,9,2.0,456,0.0,0,0.0,0.36363637,0,0,40.454544,,,,,,,6,3.5454545,0
jEdit,3.2.1,org.gjt.sp.jedit.options.GutterOptionPane,3,6,0,4,27,1,1,3,3,0.5,238,1.0,1,0.99698794,1.0,2,4,76.0,,,,,,,3,1.6666666,0
jEdit,3.2.1,bsh.NameSource,2,1,0,2,2,1,2,1,2,2.0,2,0.0,0,0.0,0.75,0,0,0.0,,,,,,,1,1.0,0
jEdit,3.2.1,bsh.BSHBinaryExpression,4,2,0,12,21,6,1,11,1,1.0,279,0.0,0,0.85714287,0.45,1,1,68.5,,,,,,,4,2.25,0
jEdit,3.2.1,bsh.ReflectManager,4,1,0,3,12,6,1,2,4,0.6666667,37,1.0,1,0.0,0.5,0,0,8.0,,,,,,,2,1.0,0
jEdit,3.2.1,org.gjt.sp.jedit.gui.JCheckBoxList,8,5,0,4,33,28,2,2,7,2.0,143,0.0,0,0.9929742,0.5,1,1,16.875,,,,,,,3,1.125,0
jEdit,3.2.1,bsh.BSHWhileStatement,2,2,0,10,7,1,1,9,1,1.0,79,0.0,0,0.94736844,0.625,1,1,38.0,,,,,,,1,0.5,0
jEdit,3.2.1,org.gjt.sp.jedit.gui.DefaultInputHandler,12,3,0,6,52,8,2,5,10,0.6727273,501,1.0,0,0.6666667,0.3030303,1,4,40.333332,,,,,,,17,4.3333335,5
jEdit,3.2.1,org.gjt.sp.jedit.gui.EnhancedDialog$WindowHandler,2,2,0,1,4,0,1,1,1,0.0,13,1.0,1,0.90909094,0.6666667,0,0,5.0,,,,,,,1,0.5,0
jEdit,3.2.1,org.gjt.sp.jedit.textarea.JEditTextArea$ComponentHandler,2,2,0,1,5,0,1,1,1,0.0,17,1.0,1,0.8,0.6666667,0,0,7.0,,,,,,,1,0.5,0
jEdit,3.2.1,org.gjt.sp.jedit.pluginmgr.InstallPluginsDialog,12,7,0,9,72,40,3,8,2,0.9431818000000001,687,0.875,1,0.9834337,0.22222222,1,3,54.91666800000001,,,,,,,5,1.25,4
jEdit,3.2.1,bsh.ConsoleInterface,6,1,0,1,6,15,1,0,6,2.0,6,0.0,0,0.0,0.75,0,0,0.0,,,,,,,1,1.0,0
jEdit,3.2.1,org.gjt.sp.jedit.options.TextAreaOptionPane,3,6,0,4,24,1,1,3,3,0.5,321,1.0,1,0.99698794,1.0,2,4,102.0,,,,,,,3,1.6666666,0
jEdit,3.2.1,gnu.regexp.RETokenEnd,3,2,0,4,9,1,1,3,0,0.5,71,1.0,0,0.7777778000000001,0.44444445,1,2,22.333334,,,,,,,6,2.3333333,0
jEdit,3.2.1,org.gjt.sp.jedit.io.VFSManager$SendVFSUpdatesSafely,2,1,0,4,9,1,1,4,1,2.0,35,0.0,0,0.0,1.0,0,0,16.5,,,,,,,2,1.0,0
jEdit,3.2.1,org.gjt.sp.jedit.pluginmgr.PluginListDownloadProgress$ActionHandler,2,1,0,2,5,0,1,2,1,0.0,14,1.0,1,0.0,0.6666667,0,0,5.5,,,,,,,1,0.5,0
jEdit,3.2.1,org.gjt.sp.util.WorkThreadPool,22,1,0,12,51,129,11,6,9,0.8730159,593,0.8,5,0.0,0.14090909,0,0,25.272728,,,,,,,11,2.6818182,1
jEdit,3.2.1,org.gjt.sp.jedit.gui.FontSelectorDialog,17,7,0,5,80,98,3,4,4,0.875,662,1.0,0,0.9775449,0.1875,1,3,37.294117,,,,,,,5,1.1764706,0
jEdit,3.2.1,org.gjt.sp.jedit.View$WindowHandler,4,2,0,5,15,0,2,5,2,0.5,69,0.5,1,0.7692308000000001,0.4375,0,0,15.75,,,,,,,5,1.75,0
jEdit,3.2.1,org.gjt.sp.jedit.browser.VFSBrowser$UpMenuButton,7,6,0,7,26,7,3,7,0,0.6111111,118,1.0,1,0.9921875,0.2857143,0,0,15.428572,,,,,,,3,1.1428572,0
jEdit,3.2.1,org.gjt.sp.jedit.gui.PastePrevious$1,4,2,0,2,8,0,1,2,2,0.33333334,26,1.0,1,0.7,0.5833333,0,0,5.25,,,,,,,1,0.75,0
jEdit,3.2.1,bsh.BSHLHSPrimarySuffix,5,2,0,14,27,10,2,12,1,1.0714285,182,0.0,0,0.8181818000000001,0.72,0,0,34.0,,,,,,,1,0.8,0
jEdit,3.2.1,org.gjt.sp.jedit.Buffer,126,3,0,102,316,6941,79,40,90,0.95255816,5047,0.7906977,7,0.3243243,0.06878307,1,1,38.714287,,,,,,,25,3.5317461000000003,25
jEdit,3.2.1,org.gjt.sp.jedit.search.HyperSearchRequest$2,3,1,0,1,7,1,1,1,1,0.5,22,1.0,1,0.0,0.8333333,0,0,6.0,,,,,,,1,0.6666667,0
jEdit,3.2.1,bsh.BSHType,6,2,0,16,14,3,8,8,5,0.6666667,92,1.0,0,0.7826086999999999,0.44444445,0,0,13.833332999999998,,,,,,,1,0.8333333,0
jEdit,3.2.1,org.gjt.sp.jedit.browser.BrowserIORequest,7,2,0,7,27,0,1,7,3,0.6166666999999999,500,0.6,2,0.45454547,0.2857143,0,0,69.0,,,,,,,5,3.142857,5
jEdit,3.2.1,bsh.Name,19,1,0,19,71,91,6,15,9,0.7083333,1263,0.625,1,0.0,0.2748538,0,0,65.052635,,,,,,,5,1.6315788999999998,0
jEdit,3.2.1,org.gjt.sp.jedit.options.ColorTableModel,8,2,0,5,20,0,2,3,6,0.2857143,174,1.0,0,0.6956521999999999,0.40625,1,2,20.625,,,,,,,2,1.375,0
jEdit,3.2.1,gnu.regexp.CharIndexed,3,1,0,24,3,3,24,0,3,1.5,4,0.0,0,0.0,0.8333333,0,0,0.0,,,,,,,1,1.0,0
jEdit,3.2.1,org.gjt.sp.jedit.pluginmgr.PluginListDownloadProgress$DownloadThread,2,2,0,9,18,0,3,7,1,0.0,100,1.0,1,0.9838709999999999,0.75,0,0,48.5,,,,,,,1,0.5,0
jEdit,3.2.1,org.gjt.sp.jedit.View$CaretHandler,2,1,0,2,6,0,1,2,1,0.0,18,1.0,1,0.0,0.6666667,0,0,7.5,,,,,,,1,0.5,0
jEdit,3.2.1,gnu.regexp.CharIndexedStringBuffer,4,1,0,2,7,0,1,1,3,0.0,59,1.0,0,0.0,0.6666667,0,0,13.25,,,,,,,3,1.75,0
jEdit,3.2.1,org.gjt.sp.jedit.pluginmgr.PluginManager$Entry,2,1,0,5,14,0,3,3,1,0.85714287,117,0.14285715,1,0.0,0.625,0,0,54.0,,,,,,,1,0.5,0
jEdit,3.2.1,org.gjt.sp.jedit.gui.CurrentDirectoryMenu,2,8,0,10,30,1,2,9,2,2.0,175,0.0,0,0.99883586,0.75,2,3,86.5,,,,,,,15,7.5,3
jEdit,3.2.1,gnu.regexp.RETokenRange,4,2,0,4,9,0,1,3,0,0.44444445,80,1.0,0,0.7,0.35714287,1,2,18.25,,,,,,,5,1.75,0
jEdit,3.2.1,org.gjt.sp.jedit.proto.jeditresource.PluginResURLConnection,5,2,0,5,28,2,1,4,4,0.5625,199,1.0,0,0.9354839,0.46666667,1,7,38.0,,,,,,,8,2.2,1
jEdit,3.2.1,com.microstar.xml.XmlParser,118,1,0,6,180,6075,5,1,27,0.92112595,5223,0.7173913000000001,1,0.0,0.13806707,0,0,42.48305,,,,,,,9,1.4491526000000001,0
jEdit,3.2.1,org.gjt.sp.jedit.io.VFSManager$1,3,1,0,2,7,1,1,2,1,0.5,45,1.0,0,0.0,0.5,0,0,13.0,,,,,,,3,1.3333334,0
jEdit,3.2.1,org.gjt.sp.jedit.EBMessage,6,1,3,29,14,7,29,1,6,0.6,49,1.0,1,0.0,0.5833333,0,0,6.833333500000001,,,,,,,1,0.8333333,0
jEdit,3.2.1,org.gjt.sp.jedit.options.ModeOptionPane$ActionHandler,2,1,0,2,12,0,1,2,1,0.0,45,1.0,1,0.0,0.6666667,0,0,21.0,,,,,,,3,1.5,0
jEdit,3.2.1,com.microstar.xml.HandlerBase,14,1,6,8,16,91,6,2,14,2.0,38,0.0,0,0.0,0.41428572,0,0,1.7142857,,,,,,,1,0.9285714,0
jEdit,3.2.1,org.gjt.sp.jedit.pluginmgr.PluginManager$TreeHandler,2,1,0,2,13,0,1,2,1,0.0,82,1.0,1,0.0,0.6666667,0,0,39.5,,,,,,,5,2.5,0
jEdit,3.2.1,bsh.BSHIfStatement,3,2,0,11,10,3,4,7,2,2.0,79,0.0,0,0.9,0.53333336,1,1,25.333334,,,,,,,1,0.6666667,0
jEdit,3.2.1,org.gjt.sp.jedit.options.Abbrev,2,1,0,2,3,1,2,0,0,1.0,16,0.0,0,0.0,0.75,0,0,6.0,,,,,,,0,0.0,0
jEdit,3.2.1,org.gjt.sp.jedit.search.DirectoryListSet,8,2,0,8,34,12,2,6,5,0.71428573,223,1.0,0,0.5,0.29166666,0,0,26.375,,,,,,,8,2.0,0
jEdit,3.2.1,org.gjt.sp.jedit.textarea.TextAreaHighlight,3,1,0,5,3,3,4,1,3,2.0,3,0.0,0,0.0,0.44444445,0,0,0.0,,,,,,,1,1.0,0
jEdit,3.2.1,org.gjt.sp.jedit.msg.EditorExitRequested,2,3,0,5,4,1,1,4,2,2.0,10,0.0,0,0.85714287,0.75,0,0,4.0,,,,,,,1,0.5,0
jEdit,3.2.1,org.gjt.sp.jedit.gui.EnhancedMenu,1,7,6,8,21,0,7,2,1,2.0,93,0.0,0,1.0,1.0,0,0,92.0,,,,,,,0,0.0,0
jEdit,3.2.1,bsh.BSHAllocationExpression,8,2,0,18,37,28,1,17,1,2.0,271,0.0,0,0.72,0.36363637,1,1,32.875,,,,,,,1,0.875,0
jEdit,3.2.1,org.gjt.sp.jedit.Buffer$LineInfo,4,1,0,7,6,2,5,2,4,1.1666666,109,0.0,3,0.0,0.5,0,0,24.25,,,,,,,7,2.25,0
jEdit,3.2.1,org.gjt.sp.jedit.Registers,14,1,0,9,45,61,3,6,11,0.7692308000000001,425,1.0,1,0.0,0.29487179999999996,0,0,29.142857,,,,,,,8,2.4285715,0
jEdit,3.2.1,bsh.BSHTernaryExpression,2,2,0,7,6,1,1,6,1,2.0,36,0.0,0,0.94736844,0.625,1,1,17.0,,,,,,,1,0.5,0
jEdit,3.2.1,org.gjt.sp.jedit.gui.HelpViewer$LinkHandler,2,1,0,1,13,0,1,1,1,0.0,58,1.0,1,0.0,0.6666667,0,0,27.5,,,,,,,5,2.5,0
jEdit,3.2.1,org.gjt.sp.jedit.gui.FontSelector,3,6,0,5,18,3,4,2,1,2.0,71,0.0,0,0.9973822,0.44444445,0,0,22.666666,,,,,,,2,1.0,0
jEdit,3.2.1,org.gjt.sp.jedit.search.HyperSearchResults$1,3,1,0,1,11,1,1,1,1,0.5,35,1.0,1,0.0,0.8333333,0,0,10.333333,,,,,,,2,1.0,0
jEdit,3.2.1,org.gjt.sp.jedit.search.SearchBar,13,5,0,14,65,14,4,14,4,0.6333333000000001,398,1.0,2,0.9819549000000001,0.32307693,2,5,29.23077,,,,,,,8,1.6153846,3
jEdit,3.2.1,org.gjt.sp.jedit.options.StyleOptionPane,8,6,0,6,31,20,4,4,1,0.7619048,123,0.6666667,1,0.99101794,0.5,4,12,14.0,,,,,,,2,0.875,1
jEdit,3.2.1,org.gjt.sp.jedit.textarea.Selection$Range,5,2,0,7,12,10,5,2,5,2.0,53,0.0,0,0.7777778000000001,0.55,0,0,9.6,,,,,,,2,0.8,0
jEdit,3.2.1,bsh.NameSpace,51,1,1,44,135,1139,34,18,35,0.9490909,1644,0.8181818000000001,4,0.0,0.11176471,0,0,30.80392,,,,,,,6,1.5882353,0
jEdit,3.2.1,org.gjt.sp.jedit.pluginmgr.Roster$Remove,4,1,0,10,26,0,2,8,2,0.33333334,142,1.0,0,0.0,0.4,0,0,34.25,,,,,,,4,2.5,0
jEdit,3.2.1,org.gjt.sp.jedit.Marker,6,1,0,8,10,0,7,2,3,0.65,57,1.0,1,0.0,0.41666666,0,0,7.833333500000001,,,,,,,2,1.0,2
jEdit,3.2.1,org.gjt.sp.jedit.GUIUtilities$1,3,2,0,1,6,1,1,0,1,0.5,25,1.0,0,0.8333333,0.5,0,0,6.666666499999999,,,,,,,1,0.6666667,0
jEdit,3.2.1,org.gjt.sp.jedit.browser.VFSBrowser$FileCompare,2,1,0,4,7,0,1,3,1,0.0,48,1.0,1,0.0,0.6666667,0,0,22.5,,,,,,,4,2.0,0
jEdit,3.2.1,org.gjt.sp.jedit.options.LoadSaveOptionPane$1,3,1,0,1,8,1,1,1,1,0.5,23,1.0,1,0.0,0.6666667,0,0,6.3333335,,,,,,,1,0.6666667,0
jEdit,3.2.1,gnu.regexp.REToken,8,1,13,15,9,12,13,2,0,0.7619048,66,1.0,2,0.0,0.35416666,0,0,6.875,,,,,,,3,1.25,0
jEdit,3.2.1,org.gjt.sp.jedit.syntax.TokenMarker,10,1,0,10,46,9,4,8,7,0.95111114,1441,0.48,1,0.0,0.31428573,0,0,140.6,,,,,,,32,8.5,1
jEdit,3.2.1,org.gjt.sp.jedit.ModeCatalogHandler,6,2,0,5,28,3,1,5,4,0.7714286,230,1.0,0,0.7222221999999999,0.7222221999999999,1,3,36.166668,,,,,,,7,3.0,1
jEdit,3.2.1,org.gjt.sp.jedit.browser.BrowserView,19,5,0,13,77,71,8,10,8,0.81313133,498,1.0,3,0.9731744000000001,0.19883041,0,0,24.631578,,,,,,,9,2.0526316000000002,17
jEdit,3.2.1,gnu.regexp.RETokenEndSub,3,2,0,4,5,3,1,3,0,2.0,20,0.0,0,0.7777778000000001,0.46666667,1,2,5.6666665,,,,,,,1,0.6666667,0
jEdit,3.2.1,bsh.JJTParserState,12,1,0,3,25,0,2,1,0,0.43636364,218,1.0,0,0.0,0.39583334,0,0,16.75,,,,,,,3,1.3333334,0
jEdit,3.2.1,org.gjt.sp.jedit.gui.GrabKeyDialog$KeyBinding,2,1,0,6,4,0,6,0,2,0.75,32,0.0,0,0.0,0.6666667,0,0,13.0,,,,,,,3,1.5,0
jEdit,3.2.1,org.gjt.sp.jedit.gui.DockableWindowContainer$Floating,7,6,0,5,28,13,1,5,7,0.8333333,78,1.0,2,0.9907834000000001,0.61904764,1,1,9.714286,,,,,,,1,0.85714287,0
jEdit,3.2.1,org.gjt.sp.jedit.textarea.JEditTextArea$MouseHandler,11,2,0,10,64,0,2,9,4,0.54,664,1.0,1,0.44444445,0.5681818000000001,0,0,58.909092,,,,,,,9,3.5454545,0
jEdit,3.2.1,org.gjt.sp.jedit.search.SearchDialog$MyJRadioButton,2,7,0,1,3,1,1,1,1,1.0,12,1.0,1,0.99869454,0.6666667,1,1,4.5,,,,,,,1,0.5,0
jEdit,3.2.1,org.gjt.sp.jedit.textarea.JEditTextArea$TextAreaBorder,4,2,0,1,13,6,1,0,2,1.0,99,1.0,0,0.8181818000000001,0.5833333,0,0,23.5,,,,,,,1,0.5,0
jEdit,3.2.1,org.gjt.sp.jedit.gui.AddAbbrevDialog$KeyHandler,2,2,0,1,5,0,1,1,1,0.0,17,1.0,1,0.75,0.6666667,0,0,7.0,,,,,,,2,1.0,0
jEdit,3.2.1,bsh.BSHTryStatement,2,2,0,12,22,1,1,11,1,2.0,185,0.0,0,0.94736844,0.625,1,2,91.5,,,,,,,1,0.5,0
jEdit,3.2.1,org.gjt.sp.jedit.gui.ViewRegisters$Renderer,2,6,0,2,8,1,1,2,1,1.0,58,1.0,1,0.99856734,0.5833333,1,1,27.5,,,,,,,6,3.0,0
jEdit,3.2.1,org.gjt.sp.jedit.textarea.JEditTextArea$MutableCaretEvent,3,3,0,1,6,0,1,1,2,0.0,19,1.0,1,0.6666667,0.6666667,0,0,5.0,,,,,,,1,0.6666667,0
jEdit,3.2.1,org.gjt.sp.jedit.gui.HelpViewer$TOCCellRenderer,2,6,0,1,7,0,1,1,1,0.5,38,0.5,1,0.99861497,0.5833333,1,1,17.0,,,,,,,1,0.5,0
jEdit,3.2.1,org.gjt.sp.jedit.MiscUtilities$MenuItemCompare,2,1,0,3,5,1,2,1,2,2.0,13,0.0,0,0.0,0.75,0,0,5.5,,,,,,,1,0.5,0
jEdit,3.2.1,org.gjt.sp.jedit.textarea.Gutter$1,3,1,0,4,11,1,1,4,1,0.5,43,1.0,1,0.0,0.8333333,0,0,13.0,,,,,,,3,1.3333334,0
jEdit,3.2.1,org.gjt.sp.jedit.search.BufferListSet$1,3,1,0,3,5,1,1,3,1,0.75,22,1.0,2,0.0,0.6666667,0,0,5.6666665,,,,,,,1,0.6666667,0
jEdit,3.2.1,bsh.This,11,1,2,14,30,15,9,8,7,0.56666666,182,0.0,3,0.0,0.23636363,0,0,15.272727,,,,,,,3,1.0909091,0
jEdit,3.2.1,bsh.BSHArguments,2,2,0,10,6,1,5,5,1,2.0,30,0.0,0,0.94736844,0.625,0,0,14.0,,,,,,,1,0.5,0
jEdit,3.2.1,org.gjt.sp.util.WorkThreadPool$Request,2,1,0,2,8,0,2,1,1,1.0,36,0.0,1,0.0,0.75,0,0,15.0,,,,,,,1,0.5,0
jEdit,3.2.1,org.gjt.sp.jedit.options.ToolBarAddDialog,13,7,0,10,72,44,2,9,4,0.78205127,631,1.0,0,0.9819549000000001,0.21794872,0,0,46.53846,,,,,,,7,1.7692307,0
jEdit,3.2.1,org.gjt.sp.jedit.pluginmgr.PluginManager$Renderer,2,6,0,1,5,1,1,1,1,1.0,24,1.0,1,0.99861497,0.5833333,1,1,10.5,,,,,,,1,0.5,0
