classname ; cbo ; dit ; fanIn ; fanOut ; lcom ; noc ; numberOfAttributes ; numberOfAttributesInherited ; numberOfLinesOfCode ; numberOfMethods ; numberOfMethodsInherited ; numberOfPrivateAttributes ; numberOfPrivateMethods ; numberOfPublicAttributes ; numberOfPublicMethods ; rfc ; wmc ; bugs ; nonTrivialBugs ; majorBugs ; criticalBugs ; highPriorityBugs ; 
ext::framework::a::importer::Activator ; 0 ; 0 ; 0 ; 0 ; 0 ; 0 ; 0 ; 0 ; 0 ; 0 ; 0 ; 0 ; 0 ; 0 ; 0 ; 0 ; 0 ; 0 ; 0 ; 0 ; 0 ; 0 ; 
org::eclipse::osgi::framework::internal::reliablefile::ReliableFile ; 0.0130391 ; 0 ; 2.57785e-4 ; 0.0126406 ; 1.18368e-5 ; 0 ; 1.63802e-5 ; 0 ; 0.00979646 ; 1.25666e-5 ; 2.06573e-4 ; 0.00817632 ; 1.02477e-5 ; 1.35111e-5 ; 8.87152e-6 ; 4.97214e-5 ; 1.36702e-5 ; 0 ; 0 ; 0 ; 0 ; 0 ; 
org::osgi::framework::ServiceEvent ; 9.54077e-6 ; 0 ; 6.00291e-6 ; 0 ; 0 ; 0 ; 0 ; 0 ; 0 ; 0 ; 9.78208e-4 ; 0 ; 0 ; 0 ; 0 ; 0 ; 0 ; 1 ; 0 ; 0 ; 0 ; 0 ; 
org::eclipse::osgi::framework::internal::core::BundleProtectionDomainImpl ; 0 ; 0 ; 0 ; 0 ; 1.1953e-5 ; 0 ; 9.36158e-6 ; 0 ; 1.26269e-5 ; 1.39436e-5 ; 2.27018e-4 ; 0 ; 0 ; 5.42026e-6 ; 7.50222e-6 ; 1.32497e-5 ; 1.29531e-5 ; 0 ; 0 ; 0 ; 0 ; 0 ; 
substitutes::z::Fz ; 0 ; 0 ; 0 ; 0 ; 0 ; 0 ; 0 ; 0 ; 0 ; 0 ; 0 ; 0 ; 0 ; 0 ; 0 ; 0 ; 0 ; 0 ; 0 ; 0 ; 0 ; 0 ; 
circularity::test::Activator ; 0 ; 0 ; 0 ; 0 ; 0 ; 0 ; 0 ; 0 ; 0 ; 0 ; 0 ; 0 ; 0 ; 0 ; 0 ; 0 ; 0 ; 0 ; 0 ; 0 ; 0 ; 0 ; 
org::eclipse::osgi::framework::internal::core::ConditionalPermissionSet ; 2.04115e-5 ; 0.0 ; 0 ; 1.84155e-5 ; 2.69422e-5 ; 0 ; 5.22405e-5 ; 0 ; 1.26883e-4 ; 3.07525e-5 ; 0.00107865 ; 6.46933e-5 ; 9.53079e-6 ; 6.63223e-5 ; 0 ; 7.45063e-5 ; 1.12189e-4 ; 0 ; 0 ; 0 ; 0 ; 0 ; 
org::eclipse::osgi::internal::module::BundleConstraint ; 0.00175194 ; 2.15494e-5 ; 0.00199332 ; 2.67034e-5 ; 0.00147442 ; 0 ; 0.0016174 ; 2.92188e-5 ; 0.00156869 ; 0.0017663 ; 0.00634303 ; 0.00184195 ; 0 ; 0 ; 2.36048e-5 ; 0.00160388 ; 0.00164792 ; 0 ; 0 ; 0 ; 0 ; 0 ; 
org::eclipse::osgi::internal::resolver::SystemState ; 2.20418e-5 ; 0 ; 0 ; 2.2508e-5 ; 9.91483e-4 ; 0 ; 0 ; 1.29599e-5 ; 0.00257054 ; 0.00138767 ; 0.0413174 ; 0 ; 0.00183411 ; 0 ; 8.11481e-5 ; 0.00235366 ; 0.0024636 ; 1 ; 0 ; 0 ; 0 ; 0 ; 
org::eclipse::osgi::internal::module::VersionSupplier ; 0.00189195 ; 0 ; 0.00211746 ; 0 ; 0.00948407 ; 1.91017e-4 ; 0 ; 0 ; 0 ; 0.00997088 ; 2.06573e-4 ; 0.0246169 ; 0 ; 0.0275321 ; 0 ; 0.00866873 ; 0 ; 0 ; 0 ; 0 ; 0 ; 0 ; 
org::osgi::framework::ServicePermission ; 0 ; 0 ; 0 ; 0 ; 0 ; 0 ; 2.87434e-5 ; 0 ; 1.11528e-5 ; 0 ; 2.59632e-4 ; 2.87789e-5 ; 0 ; 0 ; 0 ; 0 ; 0 ; 1 ; 0 ; 0 ; 0 ; 0 ; 
org::eclipse::osgi::framework::internal::core::FrameworkProperties ; 0.0346633 ; 0 ; 0.0344346 ; 0 ; 0 ; 0 ; 0 ; 0 ; 0 ; 0 ; 2.06573e-4 ; 0 ; 0 ; 0 ; 0 ; 0 ; 0 ; 0 ; 0 ; 0 ; 0 ; 0 ; 
nativetest::d::Activator ; 0 ; 0 ; 0 ; 0 ; 0 ; 0 ; 0 ; 0 ; 0 ; 0 ; 0 ; 0 ; 0 ; 0 ; 0 ; 0 ; 0 ; 0 ; 0 ; 0 ; 0 ; 0 ; 
substitutes::y::Ay ; 0 ; 0 ; 0 ; 0 ; 0 ; 0 ; 0 ; 0 ; 0 ; 0 ; 0 ; 0 ; 0 ; 0 ; 0 ; 0 ; 0 ; 0 ; 0 ; 0 ; 0 ; 0 ; 
org::eclipse::osgi::framework::internal::core::ConsoleMsg ; 0 ; 5.83601e-6 ; 0 ; 0 ; 0 ; 0 ; 0.00601893 ; 9.43265e-4 ; 0 ; 0 ; 9.17503e-4 ; 9.863e-6 ; 0 ; 0.00184892 ; 0 ; 0 ; 0 ; 0 ; 0 ; 0 ; 0 ; 0 ; 
substitutes::x::Kx ; 0 ; 0 ; 0 ; 0 ; 0 ; 0 ; 0 ; 0 ; 0 ; 0 ; 0 ; 0 ; 0 ; 0 ; 0 ; 0 ; 0 ; 0 ; 0 ; 0 ; 0 ; 0 ; 
org::eclipse::equinox::launcher::Main ; 0.0270014 ; 0 ; 0 ; 0.0268938 ; 0.00755201 ; 0 ; 0.0186878 ; 0 ; 0.100086 ; 0.00720731 ; 0 ; 0.0123741 ; 0.0 ; 0.0 ; 0 ; 0.0913603 ; 0.0876233 ; 3 ; 0 ; 1 ; 0 ; 0 ; 
nativetest::b2::Activator ; 0 ; 0 ; 0 ; 0 ; 0 ; 0 ; 0 ; 0 ; 0 ; 0 ; 0 ; 0 ; 0 ; 0 ; 0 ; 0 ; 0 ; 0 ; 0 ; 0 ; 0 ; 0 ; 
org::eclipse::osgi::internal::baseadaptor::DefaultClassLoader ; 0.00148879 ; 0 ; 0 ; 0.00165827 ; 0 ; 0 ; 0.0 ; 0 ; 0.00567748 ; 0 ; 3.34414e-4 ; 0.0 ; 0 ; 0 ; 0 ; 0.00574103 ; 6.21343e-5 ; 0 ; 0 ; 0 ; 0 ; 0 ; 
org::eclipse::osgi::framework::internal::core::StartLevelEvent ; 0 ; 0 ; 0 ; 0 ; 0 ; 0 ; 0 ; 0 ; 0 ; 0 ; 9.78208e-4 ; 0 ; 0 ; 0 ; 0 ; 0 ; 0 ; 0 ; 0 ; 0 ; 0 ; 0 ; 
org::eclipse::equinox::internal::launcher::Constants ; 0 ; 0 ; 0 ; 0 ; 0 ; 0 ; 0.0 ; 0 ; 0 ; 0 ; 0 ; 0 ; 0 ; 0 ; 0 ; 0 ; 0 ; 1 ; 0 ; 1 ; 0 ; 0 ; 
org::eclipse::osgi::tests::appadmin::SimpleApp ; 0 ; 0 ; 0 ; 0 ; 0 ; 0 ; 0 ; 0 ; 0 ; 0 ; 0 ; 0 ; 0 ; 0 ; 0 ; 0 ; 0 ; 0 ; 0 ; 0 ; 0 ; 0 ; 
org::eclipse::core::runtime::internal::stats::StatsManager ; 0.00169741 ; 0 ; 1.41675e-4 ; 0.00187658 ; 5.12825e-5 ; 0 ; 0 ; 1.13212e-4 ; 1.43928e-4 ; 6.54317e-5 ; 2.06573e-4 ; 0 ; 3.74557e-5 ; 0 ; 4.46762e-5 ; 1.35811e-4 ; 1.20455e-4 ; 0 ; 0 ; 0 ; 0 ; 0 ; 
org::eclipse::osgi::baseadaptor::bundlefile::DirZipBundleEntry ; 0 ; 0 ; 0 ; 0 ; 0 ; 0 ; 0 ; 0 ; 0 ; 0 ; 0 ; 0 ; 0 ; 0 ; 0 ; 0 ; 0 ; 0 ; 0 ; 0 ; 0 ; 0 ; 
org::eclipse::osgi::framework::internal::core::BundlePermissionCollection ; 0 ; 0 ; 0 ; 0 ; 0 ; 0 ; 0.0 ; 0 ; 0 ; 0 ; 0.00112764 ; 0.0 ; 0 ; 0 ; 0 ; 0 ; 0 ; 0 ; 0 ; 0 ; 0 ; 0 ; 
org::eclipse::osgi::util::TextProcessor ; 1.49714e-4 ; 0 ; 0 ; 1.29548e-4 ; 6.13377e-4 ; 0 ; 5.95668e-4 ; 0 ; 0.0472307 ; 6.20927e-4 ; 0 ; 2.84559e-4 ; 3.21817e-4 ; 0 ; 9.18811e-4 ; 7.29959e-4 ; 0.016752 ; 1 ; 0 ; 0 ; 0 ; 0 ; 
org::eclipse::osgi::framework::internal::core::DependentPolicy ; 0 ; 0 ; 0 ; 0 ; 0 ; 0 ; 0 ; 0 ; 0.0012079 ; 0 ; 2.06573e-4 ; 0 ; 0 ; 0 ; 0 ; 0.0012163 ; 0.00126175 ; 1 ; 0 ; 0 ; 0 ; 0 ; 
org::eclipse::osgi::internal::resolver::GenericSpecificationImpl ; 1.49714e-4 ; 0 ; 0.0 ; 0 ; 0 ; 0 ; 0 ; 0 ; 0 ; 0 ; 0 ; 0 ; 0 ; 0 ; 0 ; 0 ; 0 ; 2 ; 0 ; 0 ; 0 ; 0 ; 
org::eclipse::osgi::tests::services::resolver::SimplePlatformAdmin ; 0.00148704 ; 0 ; 0 ; 0.00168007 ; 0 ; 0 ; 0 ; 0 ; 1.07126e-4 ; 0 ; 0.00948883 ; 0 ; 0 ; 0 ; 0 ; 1.01125e-4 ; 0 ; 0 ; 0 ; 0 ; 0 ; 0 ; 
org::eclipse::core::runtime::internal::adaptor::Locker_JavaNio ; 0.00137631 ; 0 ; 9.80958e-4 ; 5.16953e-5 ; 0.00478779 ; 0 ; 0 ; 0 ; 0.0127487 ; 0.00756871 ; 0.00448165 ; 0 ; 0 ; 0 ; 0.0061156 ; 0.00764726 ; 0.00811466 ; 0 ; 0 ; 0 ; 0 ; 0 ; 
thread::locktest::Class1 ; 0 ; 0 ; 0 ; 0 ; 0 ; 0 ; 0 ; 0 ; 0 ; 0 ; 0 ; 0 ; 0 ; 0 ; 0 ; 0 ; 0 ; 0 ; 0 ; 0 ; 0 ; 0 ; 
legacy::lazystart::b::excluded::b::BBExcluded ; 0 ; 0 ; 0 ; 0 ; 0 ; 0 ; 0 ; 0 ; 0 ; 0 ; 0 ; 0 ; 0 ; 0 ; 0 ; 0 ; 0 ; 0 ; 0 ; 0 ; 0 ; 0 ; 
org::eclipse::osgi::internal::signedcontent::PKCS7DateParser ; 0 ; 0 ; 0 ; 0 ; 0 ; 0 ; 0 ; 0 ; 0 ; 0 ; 0 ; 0 ; 0 ; 0 ; 0 ; 0 ; 0 ; 0 ; 0 ; 0 ; 0 ; 0 ; 
chain::test::d::Activator ; 0 ; 0 ; 0 ; 0 ; 0 ; 0 ; 0 ; 0 ; 0 ; 0 ; 0 ; 0 ; 0 ; 0 ; 0 ; 0 ; 0 ; 0 ; 0 ; 0 ; 0 ; 0 ; 
substitutes::y::Ny ; 0 ; 0 ; 0 ; 0 ; 0 ; 0 ; 0 ; 0 ; 0 ; 0 ; 0 ; 0 ; 0 ; 0 ; 0 ; 0 ; 0 ; 0 ; 0 ; 0 ; 0 ; 0 ; 
osgi::lazystart::LazySimple ; 0 ; 0 ; 0 ; 0 ; 0 ; 0 ; 0 ; 0 ; 0 ; 0 ; 0 ; 0 ; 0 ; 0 ; 0 ; 0 ; 0 ; 0 ; 0 ; 0 ; 0 ; 0 ; 
substitutes::x::Ix ; 0 ; 0 ; 0 ; 0 ; 0 ; 0 ; 0 ; 0 ; 0 ; 0 ; 0 ; 0 ; 0 ; 0 ; 0 ; 0 ; 0 ; 0 ; 0 ; 0 ; 0 ; 0 ; 
org::eclipse::osgi::internal::module::ResolverExport ; 0.00172426 ; 2.15494e-5 ; 0.00201144 ; 0.00142665 ; 0.0109814 ; 0 ; 3.58477e-5 ; 0.0253972 ; 0.0101443 ; 0.0117619 ; 0.00911123 ; 3.82608e-5 ; 0.00114986 ; 0 ; 2.36048e-5 ; 0.0102974 ; 0.0103087 ; 0 ; 0 ; 0 ; 0 ; 0 ; 
org::eclipse::osgi::internal::resolver::StateObjectFactoryImpl ; 0.0288388 ; 0 ; 0 ; 0.0289356 ; 0.00963645 ; 0 ; 1.01862e-5 ; 0.0 ; 0.0506671 ; 0.0101422 ; 0.00917233 ; 0 ; 1.77554e-4 ; 0 ; 0.00811968 ; 0.0516019 ; 0.0198757 ; 0 ; 0 ; 0 ; 0 ; 0 ; 
org::eclipse::osgi::framework::internal::core::StartLevelManager ; 0.0034432 ; 0 ; 9.26002e-4 ; 0.0105114 ; 0.00497948 ; 0 ; 0.00687361 ; 0 ; 0.0512874 ; 0.00563434 ; 0.00499378 ; 0.0077204 ; 8.75569e-4 ; 0 ; 0.00115306 ; 0.0546502 ; 0.0491797 ; 4 ; 0 ; 0 ; 0 ; 0 ; 
org::eclipse::core::runtime::internal::adaptor::EclipseAppLauncher ; 0.0173489 ; 0 ; 0 ; 0.0173359 ; 0.00106228 ; 0 ; 4.76158e-4 ; 0 ; 0.0262478 ; 0.00112087 ; 2.06573e-4 ; 3.41908e-4 ; 0 ; 0 ; 0.00110779 ; 0.0254692 ; 0.0250444 ; 0 ; 0 ; 0 ; 0 ; 0 ; 
org::eclipse::osgi::framework::internal::core::Msg ; 0 ; 5.83601e-6 ; 0 ; 0 ; 0 ; 0 ; 0.0242141 ; 9.43265e-4 ; 0 ; 0 ; 9.17503e-4 ; 9.863e-6 ; 0 ; 0.0121173 ; 0 ; 0 ; 0 ; 1 ; 0 ; 0 ; 0 ; 0 ; 
org::eclipse::osgi::internal::resolver::BundleDescriptionImpl ; 0.0648603 ; 2.94478e-6 ; 6.60019e-5 ; 0.0648613 ; 0.0387457 ; 0 ; 2.80639e-4 ; 0 ; 0.0554767 ; 0.0413005 ; 0.0299175 ; 1.74382e-4 ; 9.60668e-5 ; 0 ; 0.0309741 ; 0.0610161 ; 0.0273236 ; 3 ; 0 ; 0 ; 0 ; 0 ; 
org::eclipse::core::runtime::internal::adaptor::Locker_JavaIo ; 0.00132847 ; 0 ; 9.80958e-4 ; 0 ; 0.00478779 ; 0 ; 0 ; 0 ; 0.00821436 ; 0.00756871 ; 0.00448165 ; 0 ; 0 ; 0 ; 0.0061156 ; 0.00760217 ; 0.00811466 ; 0 ; 0 ; 0 ; 0 ; 0 ; 
org::eclipse::osgi::internal::resolver::StateMsg ; 0 ; 5.83601e-6 ; 0 ; 0 ; 0 ; 0 ; 0.0598858 ; 9.43265e-4 ; 0 ; 0 ; 9.17503e-4 ; 9.863e-6 ; 0 ; 0.0604937 ; 0 ; 0 ; 0 ; 1 ; 0 ; 0 ; 0 ; 0 ; 
org::eclipse::osgi::framework::internal::core::BundleSource ; 0 ; 0 ; 0 ; 0 ; 0 ; 0 ; 0 ; 0 ; 0 ; 0 ; 2.06573e-4 ; 0 ; 0 ; 0 ; 0 ; 0 ; 0 ; 0 ; 0 ; 0 ; 0 ; 0 ; 
org::eclipse::osgi::storagemanager::StorageManager ; 0.0127513 ; 0 ; 9.80958e-4 ; 0.0126126 ; 0 ; 0 ; 0 ; 0 ; 0.00462142 ; 0 ; 2.06573e-4 ; 0 ; 0 ; 0 ; 0 ; 0.00594602 ; 8.64426e-5 ; 1 ; 1 ; 0 ; 0 ; 0 ; 
org::osgi::framework::FrameworkEvent ; 0.00131081 ; 0 ; 0.00113797 ; 0 ; 0 ; 0 ; 1.01862e-5 ; 0 ; 0 ; 0 ; 9.78208e-4 ; 0 ; 0 ; 0 ; 0 ; 0 ; 0 ; 2 ; 0 ; 0 ; 0 ; 0 ; 
org::eclipse::osgi::internal::resolver::StateDeltaImpl ; 0.0323857 ; 0 ; 0 ; 0.0336388 ; 9.49862e-6 ; 0 ; 0 ; 0 ; 1.18279e-4 ; 1.15311e-5 ; 2.06573e-4 ; 0 ; 0 ; 0 ; 0 ; 1.01125e-4 ; 1.06555e-5 ; 1 ; 0 ; 0 ; 0 ; 0 ; 
org::eclipse::osgi::framework::internal::core::SystemBundleActivator ; 0.00150909 ; 0 ; 0 ; 0.00170128 ; 0 ; 0 ; 1.01862e-5 ; 0 ; 0.00337919 ; 0 ; 2.06573e-4 ; 0 ; 0 ; 0 ; 0 ; 2.1292e-5 ; 1.06555e-5 ; 1 ; 0 ; 0 ; 0 ; 0 ; 
org::eclipse::osgi::framework::internal::core::AliasMapper ; 0.00132847 ; 0 ; 0 ; 0.00153126 ; 0 ; 0 ; 0 ; 0 ; 0 ; 0 ; 2.06573e-4 ; 0 ; 0 ; 0 ; 0 ; 0 ; 0 ; 0 ; 0 ; 0 ; 0 ; 0 ; 
org::eclipse::osgi::baseadaptor::bundlefile::DirBundleFile ; 0.00132847 ; 0 ; 0 ; 0.00153126 ; 0 ; 0 ; 0 ; 0 ; 0.00154308 ; 0 ; 0.00734383 ; 0 ; 0 ; 0 ; 0 ; 0.00157728 ; 0.00162006 ; 0 ; 0 ; 0 ; 0 ; 0 ; 
legacy::lazystart::b::excluded::a::BAExcluded ; 0 ; 0 ; 0 ; 0 ; 0 ; 0 ; 0 ; 0 ; 0 ; 0 ; 0 ; 0 ; 0 ; 0 ; 0 ; 0 ; 0 ; 0 ; 0 ; 0 ; 0 ; 0 ; 
substitutes::y::Ly ; 0 ; 0 ; 0 ; 0 ; 0 ; 0 ; 0 ; 0 ; 0 ; 0 ; 0 ; 0 ; 0 ; 0 ; 0 ; 0 ; 0 ; 0 ; 0 ; 0 ; 0 ; 0 ; 
org::eclipse::osgi::framework::internal::reliablefile::ReliableFileOutputStream ; 2.76402e-4 ; 0 ; 2.45642e-4 ; 1.69266e-5 ; 1.18368e-5 ; 0 ; 1.63802e-5 ; 0 ; 1.42717e-5 ; 1.25666e-5 ; 0.00260357 ; 1.40565e-5 ; 0 ; 0 ; 8.87152e-6 ; 1.50353e-5 ; 1.36702e-5 ; 0 ; 0 ; 0 ; 0 ; 0 ; 
org::eclipse::osgi::internal::module::VersionHashMap ; 0.00110127 ; 2.15494e-5 ; 0.0322991 ; 0.0348081 ; 0 ; 0 ; 0.0284273 ; 2.92188e-5 ; 0.0324914 ; 0 ; 2.28997e-4 ; 0.0254999 ; 0 ; 0 ; 2.36048e-5 ; 0.0333015 ; 0.0329447 ; 2 ; 0 ; 0 ; 0 ; 0 ; 
org::eclipse::osgi::framework::internal::core::MultiSourcePackage ; 1.25055e-5 ; 0 ; 0 ; 8.81204e-4 ; 9.49862e-6 ; 0 ; 0 ; 0 ; 0.00107541 ; 1.15311e-5 ; 2.30989e-4 ; 0 ; 0 ; 0 ; 1.1757e-5 ; 0.00110712 ; 0.00112057 ; 1 ; 0 ; 0 ; 0 ; 0 ; 
org::eclipse::osgi::internal::provisional::service::security::AuthorizationEvent ; 0 ; 0 ; 0 ; 0 ; 0 ; 0 ; 0 ; 0 ; 0 ; 0 ; 0 ; 0 ; 0 ; 0 ; 0 ; 0 ; 0 ; 0 ; 0 ; 0 ; 0 ; 0 ; 
org::eclipse::core::runtime::internal::adaptor::EclipseCommandProvider ; 0.0405623 ; 0 ; 0 ; 0.0399805 ; 0.00963014 ; 0 ; 0.00906312 ; 0 ; 0.0252705 ; 0.0105215 ; 2.06573e-4 ; 0.00816226 ; 0.00926301 ; 0 ; 0.00937263 ; 0.0302556 ; 0.0298989 ; 0 ; 0 ; 0 ; 0 ; 0 ; 
org::eclipse::core::runtime::internal::stats::BundleStats ; 0 ; 0 ; 0 ; 0 ; 0 ; 0 ; 0 ; 0 ; 0 ; 0 ; 2.06573e-4 ; 0 ; 0 ; 0 ; 0 ; 0 ; 0 ; 0 ; 0 ; 0 ; 0 ; 0 ; 
legacy::lazystart::FalseExceptionLegacy2 ; 0 ; 0 ; 0 ; 0 ; 0 ; 0 ; 0 ; 0 ; 0 ; 0 ; 0 ; 0 ; 0 ; 0 ; 0 ; 0 ; 0 ; 0 ; 0 ; 0 ; 0 ; 0 ; 
org::osgi::service::permissionadmin::PermissionInfo ; 2.73457e-4 ; 0 ; 8.80075e-5 ; 1.78856e-4 ; 0 ; 0 ; 1.88145e-5 ; 0 ; 3.94971e-5 ; 0 ; 2.21654e-4 ; 1.86866e-5 ; 0 ; 0 ; 0 ; 3.68072e-5 ; 1.14061e-5 ; 1 ; 0 ; 0 ; 0 ; 0 ; 
org::eclipse::osgi::baseadaptor::bundlefile::MRUBundleFileList ; 0.0223632 ; 0 ; 0.00614734 ; 0.0164701 ; 0.00446124 ; 0 ; 0.00735484 ; 0 ; 0.00674828 ; 0.00717755 ; 0.0 ; 0.00602964 ; 0.0 ; 0 ; 0.00563534 ; 0.00704663 ; 0.00686049 ; 1 ; 0 ; 0 ; 0 ; 0 ; 
org::eclipse::core::runtime::internal::adaptor::PluginParser ; 1.5857e-4 ; 0 ; 0 ; 2.00514e-4 ; 0 ; 0 ; 9.74349e-5 ; 0 ; 8.10208e-5 ; 0 ; 2.06573e-4 ; 9.15586e-5 ; 0 ; 0 ; 0 ; 9.65648e-5 ; 4.9632e-5 ; 1 ; 0 ; 0 ; 0 ; 0 ; 
osgi::lazystart::c::excluded::b::CBExcluded ; 0 ; 0 ; 0 ; 0 ; 0 ; 0 ; 0 ; 0 ; 0 ; 0 ; 0 ; 0 ; 0 ; 0 ; 0 ; 0 ; 0 ; 0 ; 0 ; 0 ; 0 ; 0 ; 
org::eclipse::osgi::tests::bundles::BundleInstaller ; 0.0335726 ; 0 ; 0.0559738 ; 0.037641 ; 0.00478779 ; 0 ; 0.00676707 ; 0 ; 0.0428182 ; 0.00756871 ; 0 ; 0.00554126 ; 0 ; 0 ; 0.0061156 ; 0.0417856 ; 0.0426189 ; 3 ; 0 ; 0 ; 0 ; 0 ; 
substitutes::y::Jy ; 0 ; 0 ; 0 ; 0 ; 0 ; 0 ; 0 ; 0 ; 0 ; 0 ; 0 ; 0 ; 0 ; 0 ; 0 ; 0 ; 0 ; 0 ; 0 ; 0 ; 0 ; 0 ; 
host::multiple::exports::PublicClass2 ; 0 ; 0 ; 0 ; 0 ; 0 ; 0 ; 0 ; 0 ; 0 ; 0 ; 0 ; 0 ; 0 ; 0 ; 0 ; 0 ; 0 ; 0 ; 0 ; 0 ; 0 ; 0 ; 
org::eclipse::osgi::internal::resolver::VersionConstraintImpl ; 0.0628292 ; 0 ; 0.0100624 ; 0.0520694 ; 9.49862e-6 ; 0.0137245 ; 1.01862e-5 ; 0 ; 0.0537305 ; 1.15311e-5 ; 2.18012e-4 ; 9.91085e-6 ; 0 ; 0 ; 1.1757e-5 ; 0.0559869 ; 0.0551713 ; 1 ; 0 ; 0 ; 0 ; 0 ; 
org::eclipse::osgi::framework::eventmgr::EventThread ; 0.0155785 ; 0 ; 0 ; 0.0158125 ; 0.00290621 ; 0 ; 0.00394689 ; 0 ; 0.00627187 ; 0.00309078 ; 3.49434e-4 ; 0.0 ; 0.0 ; 0 ; 0 ; 0.00686487 ; 0.00625374 ; 0 ; 0 ; 0 ; 0 ; 0 ; 
legacy::lazystart::SimpleLegacy ; 0 ; 0 ; 0 ; 0 ; 0 ; 0 ; 0 ; 0 ; 0 ; 0 ; 0 ; 0 ; 0 ; 0 ; 0 ; 0 ; 0 ; 0 ; 0 ; 0 ; 0 ; 0 ; 
org::eclipse::osgi::internal::signedcontent::Base64 ; 0 ; 0 ; 0 ; 0 ; 0 ; 0 ; 0 ; 0 ; 0 ; 0 ; 0 ; 0 ; 0 ; 0 ; 0 ; 0 ; 0 ; 0 ; 0 ; 0 ; 0 ; 0 ; 
org::eclipse::osgi::internal::baseadaptor::BasePermissionStorage ; 0 ; 0 ; 0 ; 0 ; 0 ; 0 ; 0 ; 0 ; 0 ; 0 ; 0 ; 0 ; 0 ; 0 ; 0 ; 0 ; 0 ; 0 ; 0 ; 0 ; 0 ; 0 ; 
host::multiple::exports::PrivateClass2 ; 0 ; 0 ; 0 ; 0 ; 0 ; 0 ; 0 ; 0 ; 0 ; 0 ; 0 ; 0 ; 0 ; 0 ; 0 ; 0 ; 0 ; 0 ; 0 ; 0 ; 0 ; 0 ; 
org::eclipse::osgi::framework::internal::core::ServiceRegistryImpl ; 1.72463e-4 ; 0 ; 0 ; 1.8795e-4 ; 0 ; 0 ; 0 ; 0 ; 0 ; 0 ; 2.06573e-4 ; 0 ; 0 ; 0 ; 0 ; 2.31025e-4 ; 0 ; 1 ; 0 ; 0 ; 0 ; 0 ; 
org::eclipse::core::runtime::internal::stats::ResourceBundleStats ; 0 ; 0 ; 0 ; 0 ; 0 ; 0 ; 0 ; 0 ; 0 ; 0 ; 2.06573e-4 ; 0 ; 0 ; 0 ; 0 ; 0 ; 0 ; 0 ; 0 ; 0 ; 0 ; 0 ; 
org::eclipse::core::runtime::internal::adaptor::EclipseClassLoadingHook ; 0.00127741 ; 0 ; 0 ; 0.00104851 ; 2.15035e-4 ; 0 ; 0.0296738 ; 0 ; 0.0202303 ; 2.62573e-4 ; 0 ; 0.0332667 ; 0.0 ; 0 ; 0 ; 0.0087487 ; 0.0087347 ; 0 ; 0 ; 0 ; 0 ; 0 ; 
org::eclipse::osgi::internal::signedcontent::SignedContentImpl ; 0.0251909 ; 0 ; 0.0226028 ; 0 ; 0 ; 0 ; 0 ; 0 ; 0 ; 0 ; 0 ; 0 ; 0 ; 0 ; 0 ; 0 ; 0 ; 0 ; 0 ; 0 ; 0 ; 0 ; 
org::eclipse::osgi::baseadaptor::bundlefile::BundleEntry ; 0.0185355 ; 0 ; 0.0213894 ; 0 ; 0 ; 1.17981e-4 ; 0 ; 0 ; 0 ; 0 ; 0 ; 0 ; 0 ; 0 ; 0 ; 0 ; 0 ; 0 ; 0 ; 0 ; 0 ; 0 ; 
org::eclipse::osgi::internal::module::ResolverImpl ; 0.0886038 ; 0 ; 6.67424e-5 ; 0.0882559 ; 0.0618812 ; 0 ; 0.0227546 ; 0 ; 0.115983 ; 0.0677016 ; 2.51265e-4 ; 0.0145658 ; 0.0588419 ; 1.24518e-4 ; 0.0 ; 0.120819 ; 0.0902499 ; 3 ; 0 ; 0 ; 0 ; 0 ; 
osgi::lazystart::c::excluded::a::CAExcluded ; 0 ; 0 ; 0 ; 0 ; 0 ; 0 ; 0 ; 0 ; 0 ; 0 ; 0 ; 0 ; 0 ; 0 ; 0 ; 0 ; 0 ; 0 ; 0 ; 0 ; 0 ; 0 ; 
nativetest::c::Activator ; 0 ; 0 ; 0 ; 0 ; 0 ; 0 ; 0 ; 0 ; 0 ; 0 ; 0 ; 0 ; 0 ; 0 ; 0 ; 0 ; 0 ; 0 ; 0 ; 0 ; 0 ; 0 ; 
org::eclipse::osgi::framework::internal::protocol::MultiplexingURLStreamHandler ; 0.0155785 ; 0 ; 0 ; 0.0158125 ; 0 ; 0 ; 0 ; 0 ; 0.00633721 ; 0 ; 0 ; 0 ; 0 ; 0 ; 0 ; 0 ; 0 ; 0 ; 0 ; 0 ; 0 ; 0 ; 
org::eclipse::osgi::service::resolver::DisabledInfo ; 0.0183752 ; 0 ; 0.0212475 ; 0 ; 0 ; 0 ; 0 ; 0 ; 0 ; 0 ; 0 ; 0 ; 0 ; 0 ; 0 ; 0 ; 0 ; 2 ; 1 ; 0 ; 0 ; 0 ; 
substitutes::q::AFq ; 0 ; 0 ; 0 ; 0 ; 0 ; 0 ; 0 ; 0 ; 0 ; 0 ; 0 ; 0 ; 0 ; 0 ; 0 ; 0 ; 0 ; 0 ; 0 ; 0 ; 0 ; 0 ; 
legacy::lazystart::TrueExceptionLegacy1 ; 0 ; 0 ; 0 ; 0 ; 0 ; 0 ; 0 ; 0 ; 0 ; 0 ; 0 ; 0 ; 0 ; 0 ; 0 ; 0 ; 0 ; 0 ; 0 ; 0 ; 0 ; 0 ; 
org::eclipse::osgi::framework::internal::core::Framework ; 0.0918487 ; 0 ; 0.0100221 ; 0.0889136 ; 0.0217744 ; 0 ; 0.0444468 ; 0 ; 0.11577 ; 0.0274821 ; 0.00435819 ; 0.0090705 ; 0.0184847 ; 0.0196978 ; 0.00852369 ; 0.109401 ; 0.11036 ; 13 ; 0 ; 0 ; 0 ; 0 ; 
org::osgi::service::condpermadmin::ConditionInfo ; 2.93045e-4 ; 0 ; 9.49427e-5 ; 1.78856e-4 ; 0 ; 0 ; 8.6283e-6 ; 0 ; 2.16684e-5 ; 0 ; 2.10215e-4 ; 8.77579e-6 ; 0 ; 0 ; 0 ; 3.68072e-5 ; 1.14061e-5 ; 1 ; 0 ; 0 ; 0 ; 0 ; 
org::eclipse::osgi::framework::internal::core::PermissionsHash ; 2.25681e-4 ; 0 ; 7.32406e-5 ; 1.48818e-4 ; 0 ; 0 ; 0 ; 0 ; 0 ; 0 ; 0.00112764 ; 0 ; 0 ; 0 ; 0 ; 0 ; 0 ; 0 ; 0 ; 0 ; 0 ; 0 ; 
org::eclipse::osgi::service::pluginconversion::PluginConversionException ; 0 ; 0 ; 0 ; 0 ; 0 ; 0 ; 0 ; 0 ; 0 ; 0 ; 2.06573e-4 ; 0 ; 0 ; 0 ; 0 ; 0 ; 0 ; 0 ; 0 ; 0 ; 0 ; 0 ; 
nativetest::b1::Activator ; 0 ; 0 ; 0 ; 0 ; 0 ; 0 ; 0 ; 0 ; 0 ; 0 ; 0 ; 0 ; 0 ; 0 ; 0 ; 0 ; 0 ; 0 ; 0 ; 0 ; 0 ; 0 ; 
org::eclipse::osgi::internal::signedcontent::BERProcessor ; 0 ; 0 ; 0 ; 0 ; 0 ; 0 ; 0 ; 0 ; 0 ; 0 ; 0 ; 0 ; 0 ; 0 ; 0 ; 0 ; 0 ; 0 ; 0 ; 0 ; 0 ; 0 ; 
org::eclipse::osgi::framework::log::FrameworkLogEntry ; 0.00324039 ; 0 ; 0.00238795 ; 0 ; 7.91188e-5 ; 0 ; 4.12397e-5 ; 0 ; 8.53974e-5 ; 8.15047e-5 ; 2.06573e-4 ; 6.60553e-5 ; 0 ; 0 ; 9.26955e-5 ; 8.08993e-5 ; 8.07155e-5 ; 0 ; 0 ; 0 ; 0 ; 0 ; 
exporter::importer::Activator ; 0 ; 0 ; 0 ; 0 ; 0 ; 0 ; 0 ; 0 ; 0 ; 0 ; 0 ; 0 ; 0 ; 0 ; 0 ; 0 ; 0 ; 0 ; 0 ; 0 ; 0 ; 0 ; 
org::eclipse::osgi::internal::baseadaptor::DevClassLoadingHook ; 4.86077e-4 ; 0 ; 0 ; 3.92451e-4 ; 2.44671e-4 ; 0 ; 4.76158e-4 ; 0 ; 4.40245e-4 ; 2.15194e-4 ; 0.0 ; 0 ; 0 ; 0 ; 0.0 ; 4.10529e-4 ; 4.69723e-4 ; 0 ; 0 ; 0 ; 0 ; 0 ; 
org::eclipse::core::runtime::internal::stats::ClassloaderStats ; 0.0136753 ; 0 ; 1.41675e-4 ; 0.012977 ; 0 ; 0 ; 0 ; 0 ; 0.00282114 ; 0 ; 2.06573e-4 ; 0 ; 0 ; 0 ; 0 ; 0.00238784 ; 0.00234142 ; 0 ; 0 ; 0 ; 0 ; 0 ; 
org::eclipse::core::runtime::internal::adaptor::ClasspathManifest ; 0 ; 0 ; 0 ; 0 ; 0 ; 0 ; 0 ; 0 ; 0 ; 0 ; 0 ; 0 ; 0 ; 0 ; 0 ; 0 ; 0 ; 0 ; 0 ; 0 ; 0 ; 0 ; 
org::eclipse::osgi::internal::resolver::StateHelperImpl ; 0.0158508 ; 0 ; 1.16037e-4 ; 0.0159595 ; 3.06778e-4 ; 0 ; 0 ; 0.00152972 ; 0.0343906 ; 3.3631e-4 ; 3.64673e-4 ; 0 ; 1.98824e-4 ; 0 ; 1.32323e-4 ; 0.0342929 ; 0.0348118 ; 4 ; 0 ; 0 ; 0 ; 0 ; 
circularity::test::a::Activator ; 0 ; 0 ; 0 ; 0 ; 0 ; 0 ; 0 ; 0 ; 0 ; 0 ; 0 ; 0 ; 0 ; 0 ; 0 ; 0 ; 0 ; 0 ; 0 ; 0 ; 0 ; 0 ; 
org::osgi::framework::PackagePermission ; 0 ; 0 ; 0 ; 0 ; 0 ; 0 ; 2.87434e-5 ; 0 ; 1.11528e-5 ; 0 ; 2.59632e-4 ; 2.87789e-5 ; 0 ; 0 ; 0 ; 0 ; 0 ; 1 ; 0 ; 0 ; 0 ; 0 ; 
org::eclipse::osgi::internal::resolver::StateWriter ; 0.0272916 ; 0 ; 0 ; 0.0271617 ; 0.0181978 ; 0 ; 3.76283e-6 ; 0 ; 0.0524165 ; 0.0195355 ; 2.06573e-4 ; 9.863e-6 ; 0.019676 ; 0 ; 6.52196e-6 ; 0.053005 ; 0.0516489 ; 1 ; 0 ; 0 ; 0 ; 0 ; 
org::eclipse::osgi::framework::internal::core::FrameworkSecurityManager ; 0.0325442 ; 0 ; 0.0322991 ; 1.48818e-4 ; 0.029024 ; 0 ; 0 ; 0 ; 8.04799e-5 ; 0.0310543 ; 0.0209539 ; 0 ; 0 ; 0 ; 0.0227764 ; 0.0323003 ; 4.9632e-5 ; 0 ; 0 ; 0 ; 0 ; 0 ; 
org::eclipse::core::runtime::internal::adaptor::BundleLocalizationImpl ; 0 ; 0 ; 0 ; 0 ; 0 ; 0 ; 0.0 ; 0 ; 0 ; 0 ; 2.06573e-4 ; 0 ; 0 ; 0.0 ; 0 ; 0 ; 0 ; 0 ; 0 ; 0 ; 0 ; 0 ; 
org::eclipse::osgi::internal::module::PermissionChecker ; 7.57521e-5 ; 0 ; 1.81206e-5 ; 4.4736e-5 ; 2.11494e-5 ; 0 ; 3.89915e-5 ; 0 ; 6.33038e-5 ; 2.38824e-5 ; 2.06573e-4 ; 3.13617e-5 ; 0 ; 0 ; 2.36048e-5 ; 6.97444e-5 ; 1.51138e-4 ; 0 ; 0 ; 0 ; 0 ; 0 ; 
org::eclipse::osgi::framework::internal::core::SecurePermissionStorage ; 2.20418e-5 ; 0 ; 0 ; 2.2508e-5 ; 0 ; 0 ; 0 ; 0 ; 0 ; 0 ; 2.06573e-4 ; 0 ; 0 ; 0 ; 0 ; 0 ; 0 ; 0 ; 0 ; 0 ; 0 ; 0 ; 
org::eclipse::core::runtime::internal::adaptor::EclipseLogHook ; 0.00208023 ; 0 ; 0 ; 0.00232157 ; 0 ; 0 ; 0 ; 0 ; 0 ; 0 ; 0 ; 0 ; 0 ; 0 ; 0 ; 0 ; 0 ; 1 ; 0 ; 0 ; 0 ; 0 ; 
org::eclipse::osgi::framework::internal::core::SystemBundle ; 0.0130966 ; 0 ; 0.0 ; 0.0156191 ; 6.36443e-4 ; 0 ; 1.01862e-5 ; 0.00391795 ; 0.0155526 ; 4.55733e-4 ; 0.00179551 ; 0 ; 0 ; 6.92725e-6 ; 1.1757e-5 ; 0.0124154 ; 0.0165978 ; 2 ; 0 ; 0 ; 0 ; 0 ; 
chain::test::c::Activator ; 0 ; 0 ; 0 ; 0 ; 0 ; 0 ; 0 ; 0 ; 0 ; 0 ; 0 ; 0 ; 0 ; 0 ; 0 ; 0 ; 0 ; 0 ; 0 ; 0 ; 0 ; 0 ; 
org::eclipse::osgi::framework::internal::core::PackageSource ; 0.0324098 ; 0 ; 0.0420534 ; 1.27995e-5 ; 2.11966e-5 ; 0.0 ; 0 ; 0 ; 0.00834255 ; 2.3742e-5 ; 2.06573e-4 ; 0 ; 0 ; 0 ; 2.08363e-5 ; 3.59371e-5 ; 8.6054e-5 ; 1 ; 0 ; 0 ; 0 ; 0 ; 
org::eclipse::osgi::framework::internal::core::ServiceRegistrationImpl ; 0.0494642 ; 0 ; 0.0322991 ; 0.017141 ; 0.0289892 ; 0 ; 1.13098e-5 ; 0 ; 0.0320329 ; 0.0310032 ; 2.06573e-4 ; 0.0246169 ; 0.0266729 ; 0.0275321 ; 0 ; 0.0335355 ; 0.0320532 ; 1 ; 0 ; 0 ; 0 ; 0 ; 
org::eclipse::osgi::framework::internal::protocol::reference::ReferenceURLConnection ; 0.00130178 ; 0 ; 0 ; 0.00122153 ; 1.1953e-5 ; 0 ; 0 ; 0 ; 1.26269e-5 ; 1.39436e-5 ; 2.06573e-4 ; 0 ; 1.40282e-5 ; 0 ; 0 ; 3.98954e-5 ; 1.29531e-5 ; 0 ; 0 ; 0 ; 0 ; 0 ; 
org::eclipse::osgi::internal::profile::DefaultProfileLogger ; 0.0339351 ; 0 ; 0 ; 0.0353701 ; 4.1572e-5 ; 0 ; 5.46635e-5 ; 0 ; 6.64466e-5 ; 4.98882e-5 ; 2.36646e-4 ; 0 ; 0 ; 0 ; 3.67623e-5 ; 6.20391e-5 ; 6.6476e-5 ; 0 ; 0 ; 0 ; 0 ; 0 ; 
org::eclipse::osgi::internal::module::GenericCapability ; 0 ; 0 ; 0 ; 0 ; 0 ; 0 ; 0 ; 0.025368 ; 0 ; 0 ; 0.00888224 ; 0 ; 0 ; 0 ; 0 ; 0 ; 0 ; 0 ; 0 ; 0 ; 0 ; 0 ; 
org::eclipse::osgi::framework::internal::core::PolicyHandler ; 4.44392e-4 ; 0 ; 5.71253e-4 ; 8.68792e-4 ; 0 ; 0 ; 0 ; 0 ; 1.73117e-4 ; 0 ; 2.06573e-4 ; 0 ; 0 ; 0 ; 0 ; 0.0012163 ; 1.78855e-4 ; 2 ; 0 ; 0 ; 0 ; 0 ; 
org::eclipse::osgi::framework::internal::core::ServiceUse ; 0.00132847 ; 0 ; 0 ; 0.00153126 ; 0 ; 0 ; 0 ; 0 ; 0.0314428 ; 0 ; 2.06573e-4 ; 0.0246169 ; 0 ; 0 ; 0 ; 0.0559869 ; 1.06555e-5 ; 2 ; 0 ; 0 ; 0 ; 0 ; 
org::eclipse::osgi::internal::resolver::BundleDeltaImpl ; 2.39131e-5 ; 0.0 ; 0 ; 2.34896e-5 ; 2.14516e-5 ; 0 ; 0 ; 1.29599e-5 ; 2.37797e-5 ; 2.54747e-5 ; 2.12317e-4 ; 0 ; 0 ; 0 ; 1.92592e-5 ; 2.44121e-5 ; 2.36086e-5 ; 1 ; 0 ; 0 ; 0 ; 0 ; 
org::eclipse::osgi::internal::profile::Profile ; 0.00148704 ; 0 ; 0 ; 0.00168007 ; 4.1572e-5 ; 0 ; 0 ; 0 ; 6.64466e-5 ; 4.98882e-5 ; 2.06573e-4 ; 0 ; 0.0 ; 0 ; 3.67623e-5 ; 6.20391e-5 ; 6.6476e-5 ; 0 ; 0 ; 0 ; 0 ; 0 ; 
org::eclipse::core::runtime::internal::adaptor::URLConverterImpl ; 0 ; 0 ; 0 ; 0 ; 0 ; 0 ; 0 ; 0 ; 9.05677e-5 ; 0 ; 3.3153e-4 ; 0 ; 0 ; 0 ; 0 ; 0 ; 0 ; 1 ; 0 ; 0 ; 0 ; 0 ; 
org::eclipse::core::runtime::internal::adaptor::ContextFinder ; 0.00110754 ; 0 ; 2.6181e-5 ; 0.00105827 ; 3.15915e-4 ; 0 ; 0.00595295 ; 0 ; 0.00807863 ; 3.08463e-4 ; 5.7106e-4 ; 0.00691358 ; 4.00464e-4 ; 1.24518e-4 ; 1.49543e-5 ; 0.0093349 ; 0.00757392 ; 0 ; 0 ; 0 ; 0 ; 0 ; 
org::eclipse::osgi::baseadaptor::bundlefile::BundleFile ; 0.0208225 ; 0 ; 0.0218056 ; 0.0102253 ; 0.00610559 ; 1.17981e-4 ; 0 ; 0 ; 0.0117554 ; 0.00966279 ; 0 ; 0 ; 0.0 ; 0 ; 0.00593175 ; 0.0138769 ; 0.0123115 ; 2 ; 0 ; 0 ; 0 ; 0 ; 
legacy::lazystart::c::Activator ; 0 ; 0 ; 0 ; 0 ; 0 ; 0 ; 0 ; 0 ; 0 ; 0 ; 0 ; 0 ; 0 ; 0 ; 0 ; 0 ; 0 ; 0 ; 0 ; 0 ; 0 ; 0 ; 
chain::test::b::BChain ; 0 ; 0 ; 0 ; 0 ; 0 ; 0 ; 0 ; 0 ; 0 ; 0 ; 0 ; 0 ; 0 ; 0 ; 0 ; 0 ; 0 ; 0 ; 0 ; 0 ; 0 ; 0 ; 
ext::extclasspath::a::importer::Activator ; 0 ; 0 ; 0 ; 0 ; 0 ; 0 ; 0 ; 0 ; 0 ; 0 ; 0 ; 0 ; 0 ; 0 ; 0 ; 0 ; 0 ; 0 ; 0 ; 0 ; 0 ; 0 ; 
org::eclipse::osgi::internal::signedcontent::TrustEngineListener ; 0 ; 0 ; 0 ; 0 ; 0 ; 0 ; 0 ; 0 ; 0 ; 0 ; 0 ; 0 ; 0 ; 0 ; 0 ; 0 ; 0 ; 1 ; 0 ; 0 ; 0 ; 0 ; 
substitutes::x::Ax ; 0 ; 0 ; 0 ; 0 ; 0 ; 0 ; 0 ; 0 ; 0 ; 0 ; 0 ; 0 ; 0 ; 0 ; 0 ; 0 ; 0 ; 0 ; 0 ; 0 ; 0 ; 0 ; 
org::eclipse::osgi::internal::resolver::BaseDescriptionImpl ; 2.46327e-4 ; 0 ; 1.90144e-4 ; 0 ; 0 ; 0.0137245 ; 0 ; 0 ; 0 ; 0 ; 2.78652e-4 ; 0 ; 0 ; 0 ; 0 ; 0 ; 0 ; 1 ; 0 ; 0 ; 0 ; 0 ; 
org::eclipse::core::runtime::internal::adaptor::EclipseLazyStarter ; 0.00327734 ; 0 ; 0 ; 0.00310236 ; 9.52288e-4 ; 0 ; 0.00103095 ; 0 ; 0.0010978 ; 7.69778e-4 ; 7.71635e-4 ; 8.06815e-4 ; 0.00103298 ; 0 ; 4.42187e-4 ; 0.00108684 ; 0.00109739 ; 1 ; 0 ; 0 ; 0 ; 0 ; 
org::eclipse::core::runtime::adaptor::LocationManager ; 0.0188701 ; 0 ; 0.00112263 ; 0.0175857 ; 0.00422421 ; 0.0 ; 0.0209418 ; 0 ; 0.0350982 ; 0.00705631 ; 2.06573e-4 ; 0.0250106 ; 0.00540579 ; 0 ; 0.0 ; 0.0379128 ; 0.0267916 ; 2 ; 0 ; 0 ; 0 ; 0 ; 
org::eclipse::osgi::internal::signedcontent::PKCS7Processor ; 0 ; 0 ; 0 ; 0 ; 0 ; 0 ; 0 ; 0.0418247 ; 0 ; 0 ; 0 ; 0 ; 0 ; 0 ; 0 ; 0 ; 0 ; 1 ; 0 ; 0 ; 0 ; 0 ; 
org::eclipse::osgi::internal::signedcontent::SignatureBlockProcessor ; 0 ; 0 ; 0 ; 0 ; 0 ; 0 ; 0 ; 0.0418247 ; 0 ; 0 ; 0 ; 0 ; 0 ; 0 ; 0 ; 0 ; 0 ; 1 ; 0 ; 0 ; 0 ; 0 ; 
org::eclipse::osgi::framework::internal::protocol::MultiplexingFactory ; 0 ; 0 ; 0 ; 0 ; 0 ; 0 ; 0 ; 0 ; 0 ; 0 ; 0 ; 0 ; 0 ; 0 ; 0 ; 0 ; 0 ; 0 ; 0 ; 0 ; 0 ; 0 ; 
org::eclipse::core::runtime::internal::adaptor::EclipseEnvironmentInfo ; 0.00157966 ; 0 ; 1.41675e-4 ; 0.00164567 ; 0.00692506 ; 0 ; 0 ; 0 ; 0.00534171 ; 0.00676311 ; 2.06573e-4 ; 0 ; 0 ; 0 ; 0.0 ; 0.00507445 ; 0.00569779 ; 0 ; 0 ; 0 ; 0 ; 0 ; 
org::eclipse::osgi::internal::signedcontent::BundleInstallListener ; 0 ; 0 ; 0 ; 0 ; 0 ; 0 ; 0 ; 0 ; 0 ; 0 ; 0 ; 0 ; 0 ; 0 ; 0 ; 0 ; 0 ; 0 ; 0 ; 0 ; 0 ; 0 ; 
org::eclipse::core::runtime::internal::adaptor::Semaphore ; 0 ; 0 ; 0 ; 0 ; 0 ; 0 ; 0 ; 0 ; 0 ; 0 ; 2.06573e-4 ; 0 ; 0 ; 0 ; 0 ; 0 ; 0 ; 0 ; 0 ; 0 ; 0 ; 0 ; 
osgi::lazystart::LazyExclude1 ; 0 ; 0 ; 0 ; 0 ; 0 ; 0 ; 0 ; 0 ; 0 ; 0 ; 0 ; 0 ; 0 ; 0 ; 0 ; 0 ; 0 ; 0 ; 0 ; 0 ; 0 ; 0 ; 
substitutes::x::Nx ; 0 ; 0 ; 0 ; 0 ; 0 ; 0 ; 0 ; 0 ; 0 ; 0 ; 0 ; 0 ; 0 ; 0 ; 0 ; 0 ; 0 ; 0 ; 0 ; 0 ; 0 ; 0 ; 
osgi::lazystart::b::excluded::b::BBExcluded ; 0 ; 0 ; 0 ; 0 ; 0 ; 0 ; 0 ; 0 ; 0 ; 0 ; 0 ; 0 ; 0 ; 0 ; 0 ; 0 ; 0 ; 0 ; 0 ; 0 ; 0 ; 0 ; 
org::eclipse::equinox::launcher::WebStartMain ; 0.0323857 ; 0 ; 0 ; 0.0336388 ; 6.26944e-4 ; 0 ; 0.00368119 ; 0.0 ; 0.0218394 ; 4.44202e-4 ; 0.0 ; 0.00378556 ; 0.0 ; 0 ; 0 ; 0.00882946 ; 0.0229924 ; 1 ; 0 ; 1 ; 0 ; 0 ; 
org::eclipse::core::runtime::internal::adaptor::LocationHelper ; 0 ; 0 ; 0 ; 0 ; 0 ; 0 ; 0 ; 0 ; 0 ; 0 ; 0 ; 0 ; 0 ; 0 ; 0 ; 0 ; 0 ; 0 ; 0 ; 0 ; 0 ; 0 ; 
org::eclipse::core::runtime::internal::adaptor::DefaultStartupMonitor ; 0.0168628 ; 0 ; 0 ; 0.0169434 ; 0.00106228 ; 0 ; 0 ; 0 ; 0.00137308 ; 0.00112087 ; 0.00101075 ; 0 ; 0 ; 0 ; 0.00110779 ; 0.00130413 ; 0.00130641 ; 0 ; 0 ; 0 ; 0 ; 0 ; 
org::eclipse::osgi::framework::internal::protocol::ContentHandlerFactory ; 0.00132522 ; 3.99463e-5 ; 1.41675e-4 ; 0.00126594 ; 1.17799e-4 ; 0 ; 7.71628e-5 ; 1.13212e-4 ; 0.00116014 ; 1.48275e-4 ; 2.70664e-4 ; 6.73723e-5 ; 0 ; 0 ; 1.14067e-4 ; 0.0011277 ; 1.85727e-4 ; 0 ; 0 ; 0 ; 0 ; 0 ; 
osgi::lazystart::c::Activator ; 0 ; 0 ; 0 ; 0 ; 0 ; 0 ; 0 ; 0 ; 0 ; 0 ; 0 ; 0 ; 0 ; 0 ; 0 ; 0 ; 0 ; 0 ; 0 ; 0 ; 0 ; 0 ; 
org::eclipse::osgi::framework::internal::core::BundleResourceHandler ; 0.00498673 ; 0 ; 0.00612282 ; 0.00791909 ; 0 ; 0 ; 0.00584266 ; 0 ; 0.00641636 ; 0 ; 0.00499378 ; 0.00691358 ; 0 ; 0 ; 0 ; 0.00910885 ; 0.00779134 ; 2 ; 0 ; 0 ; 0 ; 0 ; 
org::eclipse::osgi::framework::internal::core::BundleHost ; 0.0102988 ; 0 ; 0.00976638 ; 0.0025719 ; 8.18185e-4 ; 0 ; 1.01862e-5 ; 0.00390499 ; 0.0268508 ; 6.1976e-4 ; 0.00179551 ; 0 ; 1.06154e-5 ; 0 ; 1.1757e-5 ; 0.00463905 ; 0.00651338 ; 7 ; 0 ; 0 ; 0 ; 0 ; 
org::eclipse::core::runtime::internal::adaptor::BasicLocation ; 0.017103 ; 0 ; 9.80958e-4 ; 0.0175345 ; 0.033777 ; 0 ; 0 ; 1.13212e-4 ; 0.0397314 ; 0.0385719 ; 0.0251684 ; 0 ; 0.00719712 ; 0 ; 0.0288485 ; 0.0400207 ; 0.0400071 ; 2 ; 0 ; 0 ; 0 ; 0 ; 
org::eclipse::osgi::internal::resolver::GenericDescriptionImpl ; 0 ; 0 ; 0 ; 0 ; 0 ; 0 ; 0 ; 0 ; 0 ; 0 ; 0 ; 0 ; 0 ; 0 ; 0 ; 0 ; 0 ; 1 ; 0 ; 0 ; 0 ; 0 ; 
org::eclipse::osgi::framework::internal::core::FrameworkCommandProvider ; 0.00417462 ; 0.0 ; 0 ; 0.00314453 ; 0.0104628 ; 0 ; 0.00976117 ; 0 ; 0.0175174 ; 0.0117423 ; 2.06573e-4 ; 0.00827513 ; 0.00982157 ; 0 ; 0.00113835 ; 0.0230423 ; 0.0137841 ; 5 ; 0 ; 0 ; 0 ; 0 ; 
osgi::lazystart::LazyInclude1 ; 0 ; 0 ; 0 ; 0 ; 0 ; 0 ; 0 ; 0 ; 0 ; 0 ; 0 ; 0 ; 0 ; 0 ; 0 ; 0 ; 0 ; 0 ; 0 ; 0 ; 0 ; 0 ; 
org::eclipse::osgi::framework::internal::core::FrameworkCommandInterpreter ; 1.2682e-5 ; 0 ; 0 ; 1.02053e-5 ; 8.00881e-6 ; 0 ; 7.23682e-6 ; 0 ; 0.0031832 ; 8.75449e-6 ; 2.06573e-4 ; 0.0 ; 1.00804e-5 ; 0 ; 0 ; 0.00198311 ; 0.0026234 ; 0 ; 0 ; 0 ; 0 ; 0 ; 
org::eclipse::osgi::internal::baseadaptor::SystemBundleData ; 4.86077e-4 ; 0 ; 0 ; 3.92451e-4 ; 0 ; 0 ; 0 ; 0.0102096 ; 4.40245e-4 ; 0 ; 0.0 ; 0 ; 0 ; 0 ; 0 ; 4.10529e-4 ; 4.69723e-4 ; 2 ; 0 ; 0 ; 0 ; 0 ; 
org::eclipse::osgi::internal::baseadaptor::BundleUpdate ; 0 ; 0 ; 0 ; 0 ; 0 ; 0 ; 0 ; 0 ; 0 ; 0 ; 0 ; 0 ; 0 ; 0 ; 0 ; 0 ; 0 ; 0 ; 0 ; 0 ; 0 ; 0 ; 
org::eclipse::osgi::internal::resolver::StateReader ; 0.0272746 ; 0 ; 1.20693e-5 ; 0.027148 ; 0.0182375 ; 0 ; 5.49345e-4 ; 0 ; 0.0526802 ; 0.0195778 ; 2.06573e-4 ; 4.20569e-4 ; 0.0196896 ; 0 ; 1.82789e-5 ; 0.0213033 ; 0.0526351 ; 2 ; 0 ; 0 ; 0 ; 0 ; 
org::eclipse::osgi::internal::signedcontent::SignedBundleFile ; 0.0251909 ; 0 ; 0.0226028 ; 0 ; 0 ; 0 ; 0 ; 0.0418247 ; 0.0151231 ; 0 ; 0 ; 0 ; 0 ; 0 ; 0 ; 0.0118881 ; 0.0161025 ; 0 ; 0 ; 0 ; 0 ; 0 ; 
org::eclipse::osgi::framework::internal::core::ConditionalPermissionInfoImpl ; 1.77499e-4 ; 0 ; 7.59382e-5 ; 1.42275e-4 ; 6.46659e-5 ; 0 ; 8.83867e-5 ; 0 ; 2.22496e-4 ; 8.47578e-5 ; 2.28997e-4 ; 9.98212e-5 ; 4.35078e-5 ; 6.63223e-5 ; 7.94027e-5 ; 2.33855e-4 ; 2.13219e-4 ; 0 ; 0 ; 0 ; 0 ; 0 ; 
org::eclipse::osgi::internal::signedcontent::SignedContentMessages ; 0 ; 0 ; 0 ; 0 ; 0 ; 0 ; 0.0 ; 0 ; 0 ; 0 ; 0 ; 0 ; 0 ; 0.0 ; 0 ; 0 ; 0 ; 0 ; 0 ; 0 ; 0 ; 0 ; 
org::eclipse::osgi::framework::eventmgr::EventListeners ; 0.0193195 ; 0 ; 0.022295 ; 0 ; 0 ; 0 ; 0 ; 0 ; 0.0314316 ; 0 ; 2.06573e-4 ; 0 ; 0 ; 0 ; 0 ; 0 ; 0 ; 2 ; 0 ; 0 ; 0 ; 0 ; 
xfriends::test3::Activator ; 0 ; 0 ; 0 ; 0 ; 0 ; 0 ; 0 ; 0 ; 0 ; 0 ; 0 ; 0 ; 0 ; 0 ; 0 ; 0 ; 0 ; 0 ; 0 ; 0 ; 0 ; 0 ; 
org::eclipse::osgi::util::NLS ; 0.0217341 ; 0 ; 0.0231837 ; 0.00178115 ; 4.07467e-4 ; 0.0 ; 5.31962e-4 ; 0 ; 4.59024e-4 ; 4.44742e-4 ; 2.06573e-4 ; 5.97283e-4 ; 5.72591e-4 ; 6.46786e-6 ; 0 ; 4.78314e-4 ; 0.00698589 ; 0 ; 0 ; 0 ; 0 ; 0 ; 
org::eclipse::osgi::framework::debug::Debug ; 0.0277959 ; 0 ; 0.0235838 ; 0.00119891 ; 0 ; 0 ; 8.41815e-5 ; 0 ; 4.40245e-4 ; 0 ; 2.06573e-4 ; 0 ; 0 ; 4.75378e-5 ; 0 ; 0 ; 4.69723e-4 ; 0 ; 0 ; 0 ; 0 ; 0 ; 
org::eclipse::osgi::framework::internal::core::PackageAdminImpl ; 0.045724 ; 0 ; 0.00128347 ; 0.0473315 ; 0.00838112 ; 0 ; 1.01862e-5 ; 0 ; 0.0828241 ; 0.0113366 ; 2.18012e-4 ; 9.91085e-6 ; 0.00261367 ; 0 ; 1.1757e-5 ; 0.066813 ; 0.063869 ; 7 ; 0 ; 0 ; 0 ; 0 ; 
org::eclipse::osgi::internal::baseadaptor::BaseHookConfigurator ; 0 ; 0 ; 0 ; 0 ; 0 ; 0 ; 0 ; 0 ; 0 ; 0 ; 0 ; 0 ; 0 ; 0 ; 0 ; 0 ; 0 ; 0 ; 0 ; 0 ; 0 ; 0 ; 
org::eclipse::osgi::baseadaptor::bundlefile::ZipBundleFile ; 0.00934709 ; 0 ; 0.00826709 ; 0.00634483 ; 0.00446124 ; 0 ; 0.00647687 ; 0 ; 0.00888585 ; 0.00717755 ; 0.00734383 ; 0.00501294 ; 0 ; 0 ; 6.22399e-4 ; 0.00886476 ; 0.0088748 ; 1 ; 0 ; 0 ; 0 ; 0 ; 
substitutes::y::By ; 0 ; 0 ; 0 ; 0 ; 0 ; 0 ; 0 ; 0 ; 0 ; 0 ; 0 ; 0 ; 0 ; 0 ; 0 ; 0 ; 0 ; 0 ; 0 ; 0 ; 0 ; 0 ; 
substitutes::x::Lx ; 0 ; 0 ; 0 ; 0 ; 0 ; 0 ; 0 ; 0 ; 0 ; 0 ; 0 ; 0 ; 0 ; 0 ; 0 ; 0 ; 0 ; 0 ; 0 ; 0 ; 0 ; 0 ; 
osgi::lazystart::b::excluded::a::BAExcluded ; 0 ; 0 ; 0 ; 0 ; 0 ; 0 ; 0 ; 0 ; 0 ; 0 ; 0 ; 0 ; 0 ; 0 ; 0 ; 0 ; 0 ; 0 ; 0 ; 0 ; 0 ; 0 ; 
org::eclipse::osgi::framework::internal::core::BundleLoader ; 0.0650525 ; 0 ; 0.0435617 ; 0.0572464 ; 0.0432078 ; 0 ; 0.0461582 ; 0 ; 0.0602595 ; 0.0447586 ; 2.18012e-4 ; 0.0353138 ; 0.0117061 ; 3.3632e-5 ; 2.94684e-5 ; 0.0698056 ; 0.067575 ; 4 ; 0 ; 0 ; 0 ; 0 ; 
org::eclipse::osgi::framework::internal::core::ExportedPackageImpl ; 2.39141e-5 ; 2.94478e-6 ; 1.20693e-5 ; 2.23082e-5 ; 0.00408759 ; 0 ; 1.01862e-5 ; 1.29599e-5 ; 0.00638146 ; 0.00498011 ; 2.24645e-4 ; 0.00580876 ; 2.07068e-5 ; 6.92725e-6 ; 3.53434e-5 ; 0.00602935 ; 0.00608921 ; 1 ; 0 ; 0 ; 0 ; 0 ; 
org::eclipse::osgi::framework::internal::protocol::URLStreamHandlerProxy ; 3.17932e-4 ; 0 ; 0 ; 3.3567e-4 ; 0 ; 0 ; 0.0 ; 0 ; 3.13089e-4 ; 0 ; 2.06573e-4 ; 0 ; 0 ; 0 ; 0 ; 2.95086e-4 ; 3.08472e-4 ; 0 ; 0 ; 0 ; 0 ; 0 ; 
org::osgi::framework::InvalidSyntaxException ; 0.015625 ; 0 ; 3.82503e-5 ; 0.0158249 ; 9.49862e-6 ; 0 ; 1.01862e-5 ; 0 ; 1.11528e-5 ; 1.15311e-5 ; 2.06573e-4 ; 9.91085e-6 ; 0 ; 0 ; 1.1757e-5 ; 1.11623e-5 ; 1.06555e-5 ; 2 ; 0 ; 0 ; 0 ; 0 ; 
org::eclipse::osgi::baseadaptor::loader::ClasspathManager ; 0.00229795 ; 0 ; 0 ; 0.00229256 ; 6.13377e-4 ; 0 ; 0.0305554 ; 0 ; 0.021581 ; 6.20927e-4 ; 0 ; 0.0341345 ; 0.0 ; 0 ; 9.18811e-4 ; 0.0268964 ; 0.00942917 ; 1 ; 0 ; 0 ; 0 ; 0 ; 
org::eclipse::osgi::framework::internal::core::SystemBundleLoader ; 0.00818832 ; 0 ; 4.1738e-4 ; 0.00515982 ; 0.00511104 ; 0 ; 0.00700535 ; 3.22725e-5 ; 0.00868385 ; 0.00798604 ; 0.0220798 ; 0.00585963 ; 0.00719712 ; 1.4807e-5 ; 3.63068e-4 ; 0.0081063 ; 0.00859567 ; 1 ; 0 ; 0 ; 0 ; 0 ; 
org::eclipse::osgi::internal::baseadaptor::AdaptorUtil ; 0.0185917 ; 0 ; 0.00614734 ; 0.0126126 ; 0.00675725 ; 0 ; 0 ; 0 ; 0.00902274 ; 0.0097147 ; 0 ; 0 ; 0 ; 0 ; 0.00501294 ; 0.00871586 ; 0.00978455 ; 2 ; 0 ; 0 ; 0 ; 0 ; 
org::eclipse::osgi::framework::util::SecureAction ; 0.0170364 ; 0 ; 0.00320506 ; 0.0154964 ; 0.0014858 ; 0 ; 6.12048e-4 ; 0 ; 0.0029374 ; 0.00129836 ; 2.06573e-4 ; 1.40565e-5 ; 0 ; 0 ; 0.00140203 ; 0.00287964 ; 0.0028169 ; 1 ; 0 ; 0 ; 0 ; 0 ; 
org::eclipse::osgi::framework::internal::protocol::reference::Handler ; 1.25055e-5 ; 0 ; 0 ; 1.24119e-5 ; 0 ; 0 ; 0 ; 0 ; 0 ; 0 ; 2.06573e-4 ; 0 ; 0 ; 0 ; 0 ; 0 ; 0 ; 0 ; 0 ; 0 ; 0 ; 0 ; 
org::eclipse::osgi::baseadaptor::loader::FragmentClasspath ; 0 ; 0 ; 0 ; 0 ; 0 ; 0 ; 0 ; 0 ; 0 ; 0 ; 0 ; 0 ; 0 ; 0 ; 0 ; 0 ; 0 ; 0 ; 0 ; 0 ; 0 ; 0 ; 
org::eclipse::osgi::framework::internal::core::AbstractBundle ; 0.0462378 ; 0 ; 0.034862 ; 0.0177262 ; 0.00125157 ; 0 ; 5.83034e-5 ; 0.00384193 ; 0.0546108 ; 0.00103323 ; 9.46081e-4 ; 0 ; 0 ; 6.92725e-6 ; 4.75693e-4 ; 0.0241139 ; 0.0372726 ; 10 ; 0 ; 0 ; 0 ; 0 ; 
org::eclipse::osgi::framework::internal::reliablefile::ReliableFileInputStream ; 0 ; 0 ; 0 ; 0 ; 0 ; 0 ; 0 ; 0 ; 0 ; 0 ; 0.0107417 ; 0 ; 0 ; 0 ; 0 ; 0 ; 0 ; 0 ; 0 ; 0 ; 0 ; 0 ; 
host::multiple::exports::onlyone::PublicClass1 ; 0 ; 0 ; 0 ; 0 ; 0 ; 0 ; 0 ; 0 ; 0 ; 0 ; 0 ; 0 ; 0 ; 0 ; 0 ; 0 ; 0 ; 0 ; 0 ; 0 ; 0 ; 0 ; 
substitutes::z::Ez ; 0 ; 0 ; 0 ; 0 ; 0 ; 0 ; 0 ; 0 ; 0 ; 0 ; 0 ; 0 ; 0 ; 0 ; 0 ; 0 ; 0 ; 0 ; 0 ; 0 ; 0 ; 0 ; 
substitutes::x::Jx ; 0 ; 0 ; 0 ; 0 ; 0 ; 0 ; 0 ; 0 ; 0 ; 0 ; 0 ; 0 ; 0 ; 0 ; 0 ; 0 ; 0 ; 0 ; 0 ; 0 ; 0 ; 0 ; 
org::eclipse::osgi::internal::baseadaptor::BundleInstall ; 0 ; 0 ; 0 ; 0 ; 0 ; 0 ; 0 ; 0 ; 0 ; 0 ; 0 ; 0 ; 0 ; 0 ; 0 ; 0 ; 0 ; 0 ; 0 ; 0 ; 0 ; 0 ; 
nativetest::a2::Activator ; 0 ; 0 ; 0 ; 0 ; 0 ; 0 ; 0 ; 0 ; 0 ; 0 ; 0 ; 0 ; 0 ; 0 ; 0 ; 0 ; 0 ; 0 ; 0 ; 0 ; 0 ; 0 ; 
org::eclipse::osgi::framework::internal::core::BundleCombinedPermissions ; 2.33435e-4 ; 0 ; 1.20693e-5 ; 2.12513e-4 ; 9.49862e-6 ; 0 ; 6.48498e-5 ; 0 ; 1.28606e-4 ; 1.15311e-5 ; 0.00112764 ; 5.38146e-5 ; 0 ; 0 ; 1.1757e-5 ; 7.32015e-5 ; 8.81478e-5 ; 0 ; 0 ; 0 ; 0 ; 0 ; 
org::eclipse::osgi::tests::appadmin::FailedApp ; 0 ; 0 ; 0 ; 0 ; 0 ; 0 ; 0 ; 0 ; 0 ; 0 ; 0 ; 0 ; 0 ; 0 ; 0 ; 0 ; 0 ; 0 ; 0 ; 0 ; 0 ; 0 ; 
client2::multiple::exports::Activator ; 0 ; 0 ; 0 ; 0 ; 0 ; 0 ; 0 ; 0 ; 0 ; 0 ; 0 ; 0 ; 0 ; 0 ; 0 ; 0 ; 0 ; 0 ; 0 ; 0 ; 0 ; 0 ; 
org::eclipse::osgi::internal::provisional::service::security::AuthorizationStatus ; 0 ; 0 ; 0 ; 0 ; 0 ; 0 ; 0 ; 0 ; 0 ; 0 ; 0 ; 0 ; 0 ; 0 ; 0 ; 0 ; 0 ; 0 ; 0 ; 0 ; 0 ; 0 ; 
org::eclipse::core::runtime::adaptor::EclipseStarter ; 0.0340146 ; 0 ; 0.0137428 ; 0.0225912 ; 0.00420772 ; 0 ; 0.0257182 ; 0 ; 0.127931 ; 0.00505302 ; 2.06573e-4 ; 0.0297522 ; 0.0060393 ; 0 ; 0.00108924 ; 0.125823 ; 0.0795796 ; 4 ; 0 ; 0 ; 0 ; 0 ; 
org::eclipse::osgi::service::resolver::VersionRange ; 0.0124397 ; 0 ; 0.0108833 ; 0 ; 9.49862e-6 ; 0 ; 1.01862e-5 ; 0 ; 0.031457 ; 1.15311e-5 ; 2.06573e-4 ; 9.91085e-6 ; 0 ; 0 ; 1.1757e-5 ; 2.61976e-5 ; 2.43257e-5 ; 1 ; 0 ; 0 ; 0 ; 0 ; 
org::eclipse::osgi::internal::module::GroupingChecker ; 0.034149 ; 0 ; 0.00199332 ; 0.0350753 ; 0.00348714 ; 0 ; 5.8415e-5 ; 0 ; 0.00422202 ; 0.00434491 ; 2.06573e-4 ; 6.05762e-5 ; 0.00114986 ; 0 ; 0.00239647 ; 0.00399727 ; 0.00438737 ; 0 ; 0 ; 0 ; 0 ; 0 ; 
org::eclipse::core::runtime::internal::adaptor::EclipseErrorHandler ; 0.00132847 ; 0 ; 0 ; 0.00153126 ; 0 ; 0 ; 0 ; 0 ; 0 ; 0 ; 0 ; 0 ; 0 ; 0 ; 0 ; 0 ; 0 ; 1 ; 0 ; 0 ; 0 ; 0 ; 
legacy::lazystart::TrueExceptionLegacy2 ; 0 ; 0 ; 0 ; 0 ; 0 ; 0 ; 0 ; 0 ; 0 ; 0 ; 0 ; 0 ; 0 ; 0 ; 0 ; 0 ; 0 ; 0 ; 0 ; 0 ; 0 ; 0 ; 
org::eclipse::osgi::baseadaptor::bundlefile::ZipBundleEntry ; 0.00584044 ; 0 ; 0 ; 0.00481358 ; 0 ; 0 ; 0 ; 0 ; 0.0056648 ; 0 ; 0 ; 0 ; 0 ; 0 ; 0 ; 0.00603862 ; 0.00579875 ; 1 ; 0 ; 0 ; 0 ; 0 ; 
org::osgi::framework::BundleException ; 0.0215497 ; 0 ; 0.00822713 ; 0.0158125 ; 0 ; 0.0 ; 0 ; 0 ; 0 ; 0 ; 2.06573e-4 ; 0 ; 0 ; 0 ; 0 ; 0 ; 0 ; 2 ; 0 ; 0 ; 0 ; 0 ; 
org::eclipse::osgi::framework::internal::core::SystemPolicy ; 0 ; 0 ; 0 ; 0 ; 0 ; 0 ; 0 ; 0 ; 0 ; 0 ; 2.06573e-4 ; 0 ; 0 ; 0 ; 0 ; 0 ; 0 ; 1 ; 0 ; 0 ; 0 ; 0 ; 
org::eclipse::osgi::framework::util::Headers ; 0.00147445 ; 0 ; 0.00126859 ; 0.00116228 ; 0.00106912 ; 0 ; 0.0014823 ; 0 ; 0.00141998 ; 0.00112775 ; 0 ; 9.64283e-4 ; 4.07215e-6 ; 0.00184892 ; 0.00110779 ; 0.00134895 ; 0.00135327 ; 1 ; 0 ; 0 ; 0 ; 0 ; 
org::eclipse::osgi::framework::internal::core::PermissionAdminImpl ; 2.81452e-4 ; 0 ; 1.90046e-5 ; 2.39423e-4 ; 3.47391e-5 ; 0 ; 1.93119e-5 ; 0 ; 2.78136e-4 ; 5.1121e-5 ; 2.06573e-4 ; 1.53586e-5 ; 0 ; 0 ; 0 ; 1.0961e-4 ; 2.31093e-4 ; 0 ; 0 ; 0 ; 0 ; 0 ; 
org::eclipse::osgi::internal::baseadaptor::InvalidVersion ; 0 ; 0 ; 0 ; 0 ; 0 ; 0 ; 0 ; 0 ; 0 ; 0 ; 0 ; 0 ; 0 ; 0 ; 0 ; 0 ; 0 ; 0 ; 0 ; 0 ; 0 ; 0 ; 
substitutes::y::My ; 0 ; 0 ; 0 ; 0 ; 0 ; 0 ; 0 ; 0 ; 0 ; 0 ; 0 ; 0 ; 0 ; 0 ; 0 ; 0 ; 0 ; 0 ; 0 ; 0 ; 0 ; 0 ; 
org::eclipse::osgi::internal::resolver::ComputeNodeOrder ; 0 ; 0 ; 0 ; 0 ; 0 ; 0 ; 0 ; 0 ; 0 ; 0 ; 2.06573e-4 ; 0 ; 0 ; 0 ; 0 ; 0 ; 0 ; 0 ; 0 ; 0 ; 0 ; 0 ; 
org::eclipse::osgi::framework::util::KeyedHashSet ; 0 ; 0 ; 0 ; 0 ; 0 ; 0 ; 0 ; 0 ; 0 ; 0 ; 0 ; 0 ; 0 ; 0 ; 0 ; 0 ; 0 ; 0 ; 0 ; 0 ; 0 ; 0 ; 
chain::test::b::Activator ; 0 ; 0 ; 0 ; 0 ; 0 ; 0 ; 0 ; 0 ; 0 ; 0 ; 0 ; 0 ; 0 ; 0 ; 0 ; 0 ; 0 ; 0 ; 0 ; 0 ; 0 ; 0 ; 
org::eclipse::osgi::internal::resolver::UserState ; 0 ; 0 ; 0 ; 0 ; 6.10199e-4 ; 0 ; 3.7489e-4 ; 1.29599e-5 ; 6.5135e-4 ; 5.53622e-4 ; 0.0413174 ; 4.33469e-4 ; 0 ; 0 ; 6.22399e-4 ; 5.57986e-4 ; 6.15236e-4 ; 1 ; 0 ; 0 ; 0 ; 0 ; 
org::eclipse::osgi::internal::signedcontent::SignedBundleHook ; 0 ; 0 ; 0.0322991 ; 0 ; 0 ; 0 ; 0 ; 0 ; 0 ; 0 ; 0 ; 0 ; 0 ; 0 ; 0 ; 0 ; 0 ; 2 ; 0 ; 0 ; 0 ; 0 ; 
org::eclipse::core::runtime::internal::adaptor::PluginConverterImpl ; 0.0132369 ; 0 ; 0 ; 0.0131917 ; 0 ; 0 ; 9.74349e-5 ; 0 ; 1.92212e-4 ; 0 ; 2.06573e-4 ; 6.01969e-5 ; 0 ; 0 ; 0 ; 3.73604e-4 ; 2.32958e-4 ; 0 ; 0 ; 0 ; 0 ; 0 ; 
org::eclipse::osgi::internal::resolver::HostSpecificationImpl ; 1.25055e-5 ; 0 ; 1.20693e-5 ; 1.24119e-5 ; 2.95146e-5 ; 0 ; 1.07528e-5 ; 0 ; 3.32758e-5 ; 3.3746e-5 ; 2.27517e-4 ; 1.18068e-5 ; 0 ; 0 ; 1.51541e-5 ; 3.28764e-5 ; 0.00401808 ; 1 ; 0 ; 0 ; 0 ; 0 ; 
org::osgi::framework::BundlePermission ; 0 ; 0 ; 0 ; 0 ; 0 ; 0 ; 2.87434e-5 ; 0 ; 3.48592e-5 ; 0 ; 2.59632e-4 ; 2.87789e-5 ; 0 ; 0 ; 0 ; 0 ; 0 ; 1 ; 0 ; 0 ; 0 ; 0 ; 
org::eclipse::osgi::internal::signedcontent::LegacyVerifierFactory ; 0 ; 0 ; 0 ; 0 ; 0 ; 0 ; 0 ; 0 ; 0 ; 0 ; 0 ; 0 ; 0 ; 0 ; 0 ; 0 ; 0 ; 1 ; 0 ; 0 ; 0 ; 0 ; 
org::eclipse::osgi::framework::internal::core::GlobalPolicy ; 0 ; 0 ; 0 ; 0 ; 0 ; 0 ; 0 ; 0 ; 0.0012079 ; 0 ; 2.06573e-4 ; 0 ; 0 ; 0 ; 0 ; 0.0012163 ; 0.00126175 ; 1 ; 0 ; 0 ; 0 ; 0 ; 
org::eclipse::osgi::framework::internal::core::BundleContextImpl ; 0.0543462 ; 0 ; 0.0323622 ; 0.0589236 ; 0.0289987 ; 0 ; 1.01862e-5 ; 0 ; 0.0320688 ; 0.0310147 ; 2.18012e-4 ; 0.0246169 ; 1.06154e-5 ; 0.0275321 ; 1.1757e-5 ; 0.0329495 ; 0.03236 ; 4 ; 0 ; 0 ; 0 ; 0 ; 
legacy::lazystart::b::Activator ; 0 ; 0 ; 0 ; 0 ; 0 ; 0 ; 0 ; 0 ; 0 ; 0 ; 0 ; 0 ; 0 ; 0 ; 0 ; 0 ; 0 ; 0 ; 0 ; 0 ; 0 ; 0 ; 
org::eclipse::osgi::framework::debug::FrameworkDebugOptions ; 0.00148704 ; 0 ; 0.00112263 ; 0 ; 0 ; 0 ; 0 ; 0 ; 0 ; 0 ; 2.06573e-4 ; 0 ; 0 ; 0 ; 0 ; 0 ; 0 ; 0 ; 0 ; 0 ; 0 ; 0 ; 
org::eclipse::osgi::internal::module::ResolverConstraint ; 1.6769e-4 ; 0 ; 0.00211746 ; 0.00139995 ; 0.0054915 ; 1.91017e-4 ; 0.00159231 ; 0 ; 0.0139708 ; 0.00666531 ; 2.06573e-4 ; 0.0018155 ; 0 ; 0.0 ; 7.34942e-4 ; 0.0484238 ; 0.0481859 ; 0 ; 0 ; 0 ; 0 ; 0 ; 
org::eclipse::osgi::internal::module::MappedList ; 0.0323857 ; 0 ; 0 ; 0.0336388 ; 0 ; 0 ; 0 ; 0 ; 0 ; 0 ; 2.06573e-4 ; 0 ; 0 ; 0 ; 0 ; 0 ; 0 ; 1 ; 0 ; 0 ; 0 ; 0 ; 
org::eclipse::osgi::framework::internal::protocol::URLStreamHandlerSetter ; 0 ; 0 ; 0 ; 0 ; 0 ; 0 ; 0 ; 0 ; 0 ; 0 ; 2.06573e-4 ; 0 ; 0 ; 0 ; 0 ; 0 ; 0 ; 0 ; 0 ; 0 ; 0 ; 0 ; 
org::eclipse::osgi::framework::internal::core::SingleSourcePackage ; 2.5264e-5 ; 0 ; 0.032317 ; 0.00493024 ; 2.11966e-5 ; 0 ; 0.00677786 ; 0 ; 2.43437e-5 ; 2.3742e-5 ; 2.30989e-4 ; 0 ; 0 ; 0 ; 2.08363e-5 ; 0.00762655 ; 2.39197e-5 ; 1 ; 0 ; 0 ; 0 ; 0 ; 
org::osgi::framework::FrameworkUtil ; 0.0397893 ; 0 ; 0.042747 ; 0 ; 2.86264e-5 ; 0 ; 0 ; 0 ; 2.16684e-5 ; 3.32303e-5 ; 2.06573e-4 ; 0 ; 1.46586e-5 ; 0 ; 0 ; 3.68072e-5 ; 1.14061e-5 ; 2 ; 0 ; 0 ; 0 ; 0 ; 
org::eclipse::osgi::framework::internal::core::ManifestLocalization ; 1.25055e-5 ; 0 ; 0 ; 1.24119e-5 ; 0 ; 0 ; 0 ; 0 ; 0.0243827 ; 0 ; 2.06573e-4 ; 0 ; 0 ; 0 ; 0 ; 0.0191157 ; 3.72788e-5 ; 2 ; 0 ; 0 ; 0 ; 0 ; 
org::eclipse::core::runtime::internal::adaptor::EclipseAdaptorHook ; 0.046446 ; 0 ; 9.30292e-4 ; 0.0209777 ; 8.08687e-4 ; 0 ; 0.0219533 ; 0 ; 0.0432112 ; 6.08229e-4 ; 0 ; 0.0258174 ; 0 ; 0 ; 4.42187e-4 ; 0.0462957 ; 0.0431533 ; 3 ; 0 ; 0 ; 0 ; 0 ; 
org::eclipse::osgi::framework::internal::core::Constants ; 0.019017 ; 0 ; 1.28187e-4 ; 0 ; 0 ; 0 ; 0.0458984 ; 0.0015232 ; 0 ; 0 ; 2.06573e-4 ; 0 ; 0 ; 0.00137968 ; 0 ; 0 ; 0 ; 2 ; 0 ; 0 ; 0 ; 0 ; 
org::osgi::service::condpermadmin::BundleLocationCondition ; 4.71683e-5 ; 0 ; 0 ; 4.17835e-5 ; 3.32879e-5 ; 0 ; 0 ; 0 ; 3.77267e-5 ; 4.27784e-5 ; 2.12985e-4 ; 1.17523e-5 ; 3.21894e-5 ; 8.19583e-6 ; 6.50377e-6 ; 5.26407e-5 ; 2.67044e-5 ; 1 ; 0 ; 0 ; 0 ; 0 ; 
org::eclipse::osgi::internal::service::security::DefaultAuthorizationEngine ; 0.0323857 ; 0 ; 0.0322991 ; 0.0336388 ; 0.0289892 ; 0 ; 0.0567792 ; 0 ; 0.0676332 ; 0.0310032 ; 0.00415161 ; 0.0578837 ; 0 ; 0 ; 0.0312448 ; 0.0480305 ; 0.049729 ; 0 ; 0 ; 0 ; 0 ; 0 ; 
org::eclipse::osgi::internal::signedcontent::SignedStorageHook ; 0.0323857 ; 0 ; 0.0322991 ; 0 ; 0 ; 0 ; 0 ; 0 ; 0 ; 0 ; 0 ; 0 ; 0 ; 0 ; 0 ; 0 ; 0 ; 1 ; 0 ; 0 ; 0 ; 0 ; 
org::eclipse::osgi::framework::internal::core::FrameworkConsole ; 0.00296942 ; 0 ; 0 ; 0.00293391 ; 0.001896 ; 0 ; 0.0031176 ; 0 ; 0.0698956 ; 0.00245419 ; 2.06573e-4 ; 0 ; 0 ; 0 ; 0.00157061 ; 0.0246129 ; 0.0308426 ; 3 ; 0 ; 0 ; 0 ; 0 ; 
org::eclipse::osgi::framework::internal::protocol::ContentHandlerProxy ; 3.17932e-4 ; 0 ; 0 ; 3.3567e-4 ; 0 ; 0 ; 0 ; 0 ; 3.13089e-4 ; 0 ; 2.06573e-4 ; 0 ; 0 ; 0 ; 0 ; 1.50353e-5 ; 3.08472e-4 ; 0 ; 0 ; 0 ; 0 ; 0 ; 
org::eclipse::osgi::internal::resolver::ResolverErrorImpl ; 0 ; 0 ; 0 ; 0 ; 2.52764e-5 ; 0 ; 5.84434e-5 ; 0.0 ; 0.0184868 ; 4.17666e-5 ; 2.32792e-4 ; 6.01969e-5 ; 0 ; 0 ; 0.0 ; 0.0183758 ; 0.0194159 ; 1 ; 0 ; 0 ; 0 ; 0 ; 
substitutes::y::Ky ; 0 ; 0 ; 0 ; 0 ; 0 ; 0 ; 0 ; 0 ; 0 ; 0 ; 0 ; 0 ; 0 ; 0 ; 0 ; 0 ; 0 ; 0 ; 0 ; 0 ; 0 ; 0 ; 
org::osgi::framework::AdminPermission ; 5.49588e-5 ; 0 ; 1.20693e-5 ; 5.33354e-5 ; 6.50672e-5 ; 0 ; 5.58503e-4 ; 0 ; 0.0152948 ; 7.5514e-5 ; 2.77705e-4 ; 5.09448e-4 ; 3.65927e-5 ; 0 ; 1.1757e-5 ; 7.67405e-4 ; 0.0183508 ; 4 ; 0 ; 0 ; 0 ; 0 ; 
org::eclipse::osgi::internal::signedcontent::SignerInfoImpl ; 0 ; 0 ; 0 ; 0 ; 0 ; 0 ; 0 ; 0 ; 0 ; 0 ; 0 ; 0 ; 0 ; 0 ; 0 ; 0 ; 0 ; 0 ; 0 ; 0 ; 0 ; 0 ; 
org::eclipse::core::launcher::Main ; 0 ; 0 ; 0 ; 0 ; 0 ; 0 ; 0 ; 0 ; 0 ; 0 ; 0 ; 0 ; 0 ; 0 ; 0 ; 0 ; 0 ; 0 ; 0 ; 0 ; 0 ; 0 ; 
org::eclipse::osgi::baseadaptor::BaseData ; 0.054075 ; 0 ; 0.0607416 ; 0.00232157 ; 6.52611e-4 ; 0 ; 5.95668e-4 ; 0.0102096 ; 8.37022e-4 ; 6.83032e-4 ; 0 ; 0 ; 3.21817e-4 ; 0 ; 6.39618e-5 ; 8.72523e-4 ; 8.10296e-4 ; 3 ; 0 ; 0 ; 0 ; 0 ; 
osgi::lazystart::b::Activator ; 0 ; 0 ; 0 ; 0 ; 0 ; 0 ; 0 ; 0 ; 0 ; 0 ; 0 ; 0 ; 0 ; 0 ; 0 ; 0 ; 0 ; 0 ; 0 ; 0 ; 0 ; 0 ; 
org::eclipse::osgi::framework::adaptor::BundleProtectionDomain ; 0 ; 0 ; 0 ; 0 ; 1.1953e-5 ; 0 ; 0 ; 0 ; 0 ; 1.39436e-5 ; 2.21273e-4 ; 0 ; 0 ; 0 ; 7.50222e-6 ; 1.32497e-5 ; 0 ; 0 ; 0 ; 0 ; 0 ; 0 ; 
org::eclipse::osgi::framework::adaptor::FilePath ; 4.26789e-5 ; 0 ; 0 ; 4.36661e-5 ; 0 ; 0 ; 0 ; 0 ; 0 ; 0 ; 2.06573e-4 ; 0 ; 0 ; 0 ; 0 ; 0 ; 0 ; 0 ; 0 ; 0 ; 0 ; 0 ; 
org::eclipse::osgi::internal::baseadaptor::DevClassPathHelper ; 0.023967 ; 0 ; 0.0277525 ; 0.00153126 ; 0 ; 0 ; 0 ; 0 ; 0 ; 0 ; 0 ; 0 ; 0 ; 0 ; 0 ; 0 ; 0 ; 0 ; 0 ; 0 ; 0 ; 0 ; 
osgi::lazystart::LazyExclude2 ; 0 ; 0 ; 0 ; 0 ; 0 ; 0 ; 0 ; 0 ; 0 ; 0 ; 0 ; 0 ; 0 ; 0 ; 0 ; 0 ; 0 ; 0 ; 0 ; 0 ; 0 ; 0 ; 
org::eclipse::osgi::baseadaptor::BaseAdaptor ; 0.0337211 ; 0 ; 0.014246 ; 0.0205937 ; 0 ; 0 ; 0 ; 0 ; 0.00626367 ; 0 ; 0 ; 0 ; 0 ; 0 ; 0 ; 0.00798625 ; 1.78855e-4 ; 2 ; 0 ; 0 ; 0 ; 0 ; 
org::eclipse::osgi::internal::resolver::ImportPackageSpecificationImpl ; 0.0191343 ; 0 ; 0.0323078 ; 0.0186479 ; 2.29365e-5 ; 0 ; 3.58477e-5 ; 0 ; 0.0538578 ; 2.46713e-5 ; 2.29054e-4 ; 3.82608e-5 ; 0 ; 0 ; 1.77115e-5 ; 0.0561446 ; 0.0553603 ; 1 ; 0 ; 0 ; 0 ; 0 ; 
org::eclipse::osgi::framework::internal::core::FilteredSourcePackage ; 5.40875e-5 ; 0 ; 0 ; 5.35624e-5 ; 1.1698e-5 ; 0 ; 1.07883e-5 ; 0.0102177 ; 1.31908e-5 ; 1.22109e-5 ; 2.19549e-4 ; 0 ; 0 ; 7.77338e-6 ; 9.07932e-6 ; 2.47748e-5 ; 1.32642e-5 ; 1 ; 0 ; 0 ; 0 ; 0 ; 
org::eclipse::osgi::internal::resolver::NativeCodeSpecificationImpl ; 0 ; 0 ; 0 ; 0 ; 0 ; 0 ; 0 ; 0 ; 0.032414 ; 0 ; 0 ; 0 ; 0 ; 0 ; 0 ; 0.0314279 ; 0.0346722 ; 1 ; 0 ; 0 ; 0 ; 0 ; 
org::osgi::framework::BundleEvent ; 0.0722831 ; 0 ; 0.0764926 ; 0 ; 0 ; 0 ; 0.0010597 ; 0 ; 0 ; 0 ; 9.78208e-4 ; 0 ; 0 ; 0 ; 0 ; 0 ; 0 ; 1 ; 0 ; 0 ; 0 ; 0 ; 
org::eclipse::osgi::internal::baseadaptor::BundleUninstall ; 0 ; 0 ; 0 ; 0 ; 0 ; 0 ; 0 ; 0 ; 0 ; 0 ; 0 ; 0 ; 0 ; 0 ; 0 ; 0 ; 0 ; 0 ; 0 ; 0 ; 0 ; 0 ; 
org::eclipse::osgi::internal::resolver::NativeCodeDescriptionImpl ; 0 ; 0 ; 0 ; 0 ; 0 ; 0 ; 0 ; 0 ; 0 ; 0 ; 0 ; 0 ; 0 ; 0 ; 0 ; 0 ; 0 ; 2 ; 0 ; 0 ; 0 ; 0 ; 
org::eclipse::osgi::internal::baseadaptor::BaseStorage ; 0.0239831 ; 0.0 ; 0 ; 0.0248862 ; 0.015291 ; 0 ; 0.00775697 ; 0 ; 0.0696553 ; 0.0186651 ; 2.61311e-4 ; 0.00603307 ; 0.0175053 ; 0 ; 0.00136417 ; 0.0714185 ; 0.0613944 ; 3 ; 0 ; 0 ; 0 ; 0 ; 
org::eclipse::osgi::framework::internal::protocol::bundleresource::Handler ; 1.69978e-4 ; 0 ; 0 ; 1.59896e-4 ; 0 ; 0 ; 0 ; 1.29599e-5 ; 1.11528e-5 ; 0 ; 0.00500521 ; 0 ; 0 ; 0 ; 0 ; 1.12287e-4 ; 1.06555e-5 ; 0 ; 0 ; 0 ; 0 ; 0 ; 
org::osgi::framework::Version ; 0.0205904 ; 0 ; 0.020827 ; 0 ; 0 ; 0.0 ; 0 ; 0 ; 0 ; 0 ; 2.06573e-4 ; 0 ; 0 ; 0 ; 0 ; 0 ; 0 ; 1 ; 0 ; 0 ; 0 ; 0 ; 
xfriends::test2::Activator ; 0 ; 0 ; 0 ; 0 ; 0 ; 0 ; 0 ; 0 ; 0 ; 0 ; 0 ; 0 ; 0 ; 0 ; 0 ; 0 ; 0 ; 0 ; 0 ; 0 ; 0 ; 0 ; 
org::eclipse::osgi::storagemanager::ManagedOutputStream ; 0 ; 0 ; 0 ; 0.00153126 ; 0 ; 0 ; 0 ; 0 ; 0 ; 0 ; 0.00258202 ; 0 ; 0 ; 0 ; 0 ; 0 ; 0 ; 1 ; 1 ; 0 ; 0 ; 0 ; 
org::eclipse::osgi::baseadaptor::loader::ClasspathEntry ; 4.86077e-4 ; 0 ; 4.56585e-4 ; 0 ; 0 ; 0 ; 0 ; 0 ; 0 ; 0 ; 0 ; 0 ; 0 ; 0 ; 0 ; 0 ; 0 ; 0 ; 0 ; 0 ; 0 ; 0 ; 
org::eclipse::osgi::framework::internal::core::Util ; 9.94972e-4 ; 0 ; 9.26002e-4 ; 0 ; 0 ; 0 ; 0 ; 0 ; 0 ; 0 ; 2.06573e-4 ; 0 ; 0 ; 0 ; 0 ; 0 ; 0 ; 0 ; 0 ; 0 ; 0 ; 0 ; 
osgi::lazystart::LazyInclude2 ; 0 ; 0 ; 0 ; 0 ; 0 ; 0 ; 0 ; 0 ; 0 ; 0 ; 0 ; 0 ; 0 ; 0 ; 0 ; 0 ; 0 ; 0 ; 0 ; 0 ; 0 ; 0 ; 
chain::test::a::AChain ; 0 ; 0 ; 0 ; 0 ; 0 ; 0 ; 0 ; 0 ; 0 ; 0 ; 0 ; 0 ; 0 ; 0 ; 0 ; 0 ; 0 ; 0 ; 0 ; 0 ; 0 ; 0 ; 
org::eclipse::osgi::internal::resolver::ReadOnlyState ; 1.2546e-4 ; 0 ; 0 ; 9.88237e-5 ; 0.0192325 ; 0 ; 0 ; 0 ; 0.0198042 ; 0.0206178 ; 0.0194937 ; 0 ; 0 ; 0 ; 0.0175696 ; 0.0198042 ; 0.0208724 ; 1 ; 0 ; 0 ; 0 ; 0 ; 
substitutes::y::Iy ; 0 ; 0 ; 0 ; 0 ; 0 ; 0 ; 0 ; 0 ; 0 ; 0 ; 0 ; 0 ; 0 ; 0 ; 0 ; 0 ; 0 ; 0 ; 0 ; 0 ; 0 ; 0 ; 
client1::multiple::exports::Activator ; 0 ; 0 ; 0 ; 0 ; 0 ; 0 ; 0 ; 0 ; 0 ; 0 ; 0 ; 0 ; 0 ; 0 ; 0 ; 0 ; 0 ; 0 ; 0 ; 0 ; 0 ; 0 ; 
org::eclipse::osgi::internal::module::ResolverImport ; 0.00176516 ; 2.15494e-5 ; 0.00199332 ; 0.0014384 ; 0.00147908 ; 0 ; 0.0016174 ; 2.92188e-5 ; 0.00158475 ; 0.00177585 ; 0.00634303 ; 0.00184195 ; 1.75308e-5 ; 0 ; 0 ; 0.00163293 ; 0.00166322 ; 0 ; 0 ; 0 ; 0 ; 0 ; 
org::eclipse::osgi::framework::internal::protocol::NullURLStreamHandlerService ; 0.015591 ; 0 ; 0 ; 0.0158249 ; 0 ; 0 ; 0 ; 0 ; 0 ; 0 ; 2.06573e-4 ; 0 ; 0 ; 0 ; 0 ; 0 ; 0 ; 0 ; 0 ; 0 ; 0 ; 0 ; 
org::eclipse::osgi::framework::internal::core::FilteredServiceListener ; 0.0329587 ; 0 ; 0 ; 0.0339806 ; 0 ; 0 ; 5.19007e-4 ; 0 ; 0.0319914 ; 0 ; 2.06573e-4 ; 4.34817e-4 ; 0 ; 0 ; 0 ; 0.0329292 ; 5.11791e-4 ; 1 ; 0 ; 0 ; 0 ; 0 ; 
org::eclipse::core::runtime::adaptor::EclipseLog ; 0.00169253 ; 0 ; 1.41675e-4 ; 0.00175398 ; 0.0292982 ; 0 ; 0.0273503 ; 1.13212e-4 ; 0.0383839 ; 0.0313021 ; 2.06573e-4 ; 0.024631 ; 0.0270633 ; 6.01635e-6 ; 0 ; 0.0460563 ; 0.047105 ; 0 ; 0 ; 0 ; 0 ; 0 ; 
org::eclipse::osgi::internal::baseadaptor::StateManager ; 0.0127513 ; 0 ; 0.00992619 ; 0.00153126 ; 0.00854014 ; 0 ; 0 ; 0 ; 0.0101429 ; 0.00936957 ; 0.00917404 ; 0 ; 0 ; 0 ; 0.00826485 ; 0.0102196 ; 0.0112689 ; 1 ; 0 ; 0 ; 0 ; 0 ; 
org::eclipse::osgi::baseadaptor::HookRegistry ; 0.0409268 ; 0 ; 0.00852496 ; 0.0199296 ; 0.0135112 ; 0 ; 0.0214548 ; 0 ; 0.016447 ; 0.0130133 ; 0 ; 0.0134704 ; 0 ; 0 ; 3.93718e-5 ; 0.0212896 ; 0.0201375 ; 0 ; 0 ; 0 ; 0 ; 0 ; 
org::eclipse::osgi::service::security::TrustEngine ; 0 ; 0 ; 0 ; 0 ; 0 ; 0 ; 0 ; 0 ; 0 ; 0 ; 0 ; 0 ; 0 ; 0 ; 0 ; 0 ; 0 ; 0 ; 0 ; 0 ; 0 ; 0 ; 
org::eclipse::osgi::framework::internal::core::BundleLoaderProxy ; 0.0438989 ; 0 ; 0.0327416 ; 0.0447899 ; 3.09803e-4 ; 0 ; 1.01862e-5 ; 0 ; 0.0407484 ; 4.0419e-4 ; 2.18012e-4 ; 2.17177e-5 ; 1.06154e-5 ; 1.39609e-5 ; 2.03891e-5 ; 0.0327956 ; 0.0409771 ; 1 ; 0 ; 0 ; 0 ; 0 ; 
org::eclipse::osgi::util::ManifestElement ; 0.00385361 ; 0 ; 0.00327841 ; 0.00114339 ; 0.00107178 ; 0 ; 1.01862e-5 ; 0 ; 0.00156499 ; 0.0011324 ; 2.06573e-4 ; 0 ; 3.92854e-5 ; 0 ; 0.00113512 ; 0.00149961 ; 0.0164728 ; 0 ; 0 ; 0 ; 0 ; 0 ; 
org::eclipse::osgi::framework::internal::core::RegisteredPolicy ; 4.26789e-5 ; 0 ; 0 ; 4.36661e-5 ; 0 ; 0 ; 0 ; 0 ; 0.0012079 ; 0 ; 2.06573e-4 ; 0 ; 0 ; 0 ; 0 ; 0.0012163 ; 0.00126175 ; 1 ; 0 ; 0 ; 0 ; 0 ; 
org::eclipse::osgi::framework::eventmgr::ListenerQueue ; 0.034898 ; 0 ; 0.022295 ; 0.0158125 ; 0 ; 0 ; 0 ; 0 ; 0 ; 0 ; 2.06573e-4 ; 0 ; 0 ; 0 ; 0 ; 0 ; 0 ; 1 ; 0 ; 0 ; 0 ; 0 ; 
org::eclipse::core::runtime::internal::adaptor::EclipseStorageHook ; 0.0619568 ; 0 ; 9.30292e-4 ; 0.0632449 ; 0.0299415 ; 0 ; 0.0296535 ; 0 ; 0.0342161 ; 0.031773 ; 0 ; 0.0263891 ; 8.75569e-4 ; 0 ; 0.0231751 ; 0.0349172 ; 0.0345987 ; 3 ; 0 ; 0 ; 0 ; 0 ; 
org::osgi::service::url::AbstractURLStreamHandlerService ; 0 ; 0 ; 0 ; 0 ; 0 ; 0 ; 0 ; 0 ; 1.11528e-5 ; 0 ; 2.06573e-4 ; 0 ; 0 ; 0 ; 0 ; 0 ; 0 ; 1 ; 0 ; 0 ; 0 ; 0 ; 
org::eclipse::osgi::framework::internal::core::OSGi ; 0 ; 0 ; 0 ; 0 ; 0 ; 0 ; 0 ; 0 ; 0 ; 0 ; 2.06573e-4 ; 0 ; 0 ; 0 ; 0 ; 1.01296e-5 ; 0 ; 1 ; 0 ; 0 ; 0 ; 0 ; 
test1::Activator ; 0 ; 0 ; 0 ; 0 ; 0 ; 0 ; 0 ; 0 ; 0 ; 0 ; 0 ; 0 ; 0 ; 0 ; 0 ; 0 ; 0 ; 0 ; 0 ; 0 ; 0 ; 0 ; 
nativetest::a1::Activator ; 0 ; 0 ; 0 ; 0 ; 0 ; 0 ; 0 ; 0 ; 0 ; 0 ; 0 ; 0 ; 0 ; 0 ; 0 ; 0 ; 0 ; 0 ; 0 ; 0 ; 0 ; 0 ; 
org::eclipse::osgi::internal::signedcontent::SignedContentFile ; 0 ; 0 ; 0 ; 0 ; 0 ; 0 ; 0 ; 0 ; 0 ; 0 ; 0 ; 0 ; 0 ; 0 ; 0 ; 0 ; 0 ; 0 ; 0 ; 0 ; 0 ; 0 ; 
org::eclipse::equinox::launcher::JNIBridge ; 0.0 ; 0 ; 0 ; 0.0 ; 7.27844e-4 ; 0 ; 0 ; 0 ; 0.00155249 ; 9.14067e-4 ; 0 ; 0 ; 0.00135874 ; 0 ; 0.00104334 ; 0.00742815 ; 0.00153149 ; 0 ; 0 ; 0 ; 0 ; 0 ; 
org::eclipse::core::runtime::internal::adaptor::MessageHelper ; 0 ; 0 ; 0 ; 0 ; 0 ; 0 ; 0 ; 0 ; 0 ; 0 ; 0 ; 0 ; 0 ; 0 ; 0 ; 0 ; 0 ; 0 ; 0 ; 0 ; 0 ; 0 ; 
substitutes::x::Bx ; 0 ; 0 ; 0 ; 0 ; 0 ; 0 ; 0 ; 0 ; 0 ; 0 ; 0 ; 0 ; 0 ; 0 ; 0 ; 0 ; 0 ; 0 ; 0 ; 0 ; 0 ; 0 ; 
org::eclipse::osgi::framework::internal::core::ConditionalPermissions ; 0 ; 0 ; 0 ; 0 ; 1.81647e-5 ; 0 ; 0 ; 0 ; 1.02582e-4 ; 2.09981e-5 ; 0.00112764 ; 5.59175e-5 ; 1.64465e-5 ; 6.63223e-5 ; 0 ; 1.05697e-4 ; 1.03413e-4 ; 0 ; 0 ; 0 ; 0 ; 0 ; 
legacy::lazystart::c::excluded::b::CBExcluded ; 0 ; 0 ; 0 ; 0 ; 0 ; 0 ; 0 ; 0 ; 0 ; 0 ; 0 ; 0 ; 0 ; 0 ; 0 ; 0 ; 0 ; 0 ; 0 ; 0 ; 0 ; 0 ; 
org::eclipse::osgi::internal::module::GenericConstraint ; 0 ; 0 ; 0 ; 0.0110814 ; 0 ; 0 ; 0 ; 0 ; 0 ; 0 ; 0.00611404 ; 0 ; 0 ; 0 ; 0 ; 0.00866873 ; 0.00861747 ; 0 ; 0 ; 0 ; 0 ; 0 ; 
org::eclipse::osgi::framework::internal::core::NullPackageSource ; 1.14086e-5 ; 0 ; 0 ; 9.89635e-6 ; 2.07371e-5 ; 0 ; 1.07528e-5 ; 0 ; 2.25849e-5 ; 2.39915e-5 ; 2.30989e-4 ; 0 ; 1.00914e-5 ; 7.03364e-6 ; 1.1757e-5 ; 2.27164e-5 ; 2.18327e-5 ; 1 ; 0 ; 0 ; 0 ; 0 ; 
org::eclipse::osgi::internal::resolver::StateImpl ; 0.0620215 ; 0 ; 0.0323491 ; 0.0626266 ; 0.0504526 ; 0 ; 0.0117913 ; 0 ; 0.0807586 ; 0.0542954 ; 0.0194937 ; 0.0158632 ; 0.028593 ; 6.92725e-6 ; 0.0403025 ; 0.0826265 ; 0.0820173 ; 8 ; 0 ; 0 ; 0 ; 0 ; 
org::eclipse::osgi::internal::service::security::KeyStoreTrustEngine ; 0.0 ; 0 ; 0 ; 0.0 ; 0 ; 0 ; 0.00781647 ; 0 ; 0.043168 ; 0 ; 0 ; 0.0081014 ; 0 ; 0 ; 0 ; 0.0311447 ; 0.0149471 ; 0 ; 0 ; 0 ; 0 ; 0 ; 
org::osgi::service::condpermadmin::BundleSignerCondition ; 1.32278e-5 ; 0 ; 0 ; 1.17463e-5 ; 4.66155e-6 ; 0 ; 0 ; 0 ; 1.60583e-5 ; 9.54803e-6 ; 2.12985e-4 ; 1.17523e-5 ; 1.75308e-5 ; 8.19583e-6 ; 6.50377e-6 ; 1.58336e-5 ; 1.52983e-5 ; 1 ; 0 ; 0 ; 0 ; 0 ; 
chain::test::a::Activator ; 0 ; 0 ; 0 ; 0 ; 0 ; 0 ; 0 ; 0 ; 0 ; 0 ; 0 ; 0 ; 0 ; 0 ; 0 ; 0 ; 0 ; 0 ; 0 ; 0 ; 0 ; 0 ; 
org::eclipse::osgi::framework::internal::core::BundleFragment ; 0.00241457 ; 0 ; 1.20693e-5 ; 0.0025719 ; 0 ; 0 ; 0 ; 0.00390499 ; 4.84496e-5 ; 0 ; 0.00179551 ; 0 ; 0 ; 0 ; 1.1757e-5 ; 2.1292e-5 ; 3.22812e-5 ; 4 ; 0 ; 0 ; 0 ; 0 ; 
org::eclipse::osgi::framework::internal::core::BundleURLConnection ; 0 ; 0 ; 0 ; 0 ; 0 ; 0 ; 0 ; 0 ; 1.07126e-4 ; 0 ; 2.06573e-4 ; 0 ; 0 ; 0 ; 0 ; 0 ; 0 ; 0 ; 0 ; 0 ; 0 ; 0 ; 
org::eclipse::osgi::framework::internal::protocol::StreamHandlerFactory ; 0.00134265 ; 3.99463e-5 ; 1.41675e-4 ; 0.0012786 ; 1.52538e-4 ; 0 ; 1.3597e-4 ; 1.13212e-4 ; 0.00175027 ; 1.99396e-4 ; 2.70664e-4 ; 1.57443e-4 ; 4.35078e-5 ; 0 ; 1.14067e-4 ; 0.00172183 ; 0.00167785 ; 1 ; 0 ; 0 ; 0 ; 0 ; 
org::eclipse::osgi::framework::internal::protocol::MultiplexingContentHandler ; 0 ; 0 ; 0 ; 0 ; 0 ; 0 ; 0 ; 0 ; 0 ; 0 ; 0 ; 0 ; 0 ; 0 ; 0 ; 0 ; 0 ; 0 ; 0 ; 0 ; 0 ; 0 ; 
org::eclipse::osgi::framework::internal::core::ParentPolicy ; 0 ; 0 ; 0 ; 0 ; 0 ; 0 ; 0 ; 0 ; 0 ; 0 ; 2.06573e-4 ; 0 ; 0 ; 0 ; 0 ; 0 ; 0 ; 1 ; 0 ; 0 ; 0 ; 0 ; 
org::eclipse::osgi::framework::internal::core::Tokenizer ; 9.71059e-4 ; 0 ; 0 ; 8.68792e-4 ; 6.63458e-4 ; 0 ; 0 ; 0 ; 0.00103478 ; 6.85366e-4 ; 2.06573e-4 ; 0 ; 9.92341e-4 ; 0 ; 0 ; 0.00106834 ; 0.0010829 ; 0 ; 0 ; 0 ; 0 ; 0 ; 
org::eclipse::osgi::framework::eventmgr::ListElement ; 0 ; 0 ; 0 ; 0 ; 0 ; 0 ; 0 ; 0 ; 0 ; 0 ; 2.06573e-4 ; 0 ; 0 ; 0 ; 0 ; 0 ; 0 ; 0 ; 0 ; 0 ; 0 ; 0 ; 
org::eclipse::osgi::framework::eventmgr::EventManager ; 9.44265e-4 ; 0 ; 0.00104752 ; 0 ; 0 ; 0 ; 0.0 ; 0 ; 0.00291393 ; 0 ; 2.06573e-4 ; 0 ; 0 ; 0 ; 0 ; 0.00418763 ; 0.00226795 ; 2 ; 0 ; 0 ; 0 ; 0 ; 
legacy::lazystart::a::Activator ; 0 ; 0 ; 0 ; 0 ; 0 ; 0 ; 0 ; 0 ; 0 ; 0 ; 0 ; 0 ; 0 ; 0 ; 0 ; 0 ; 0 ; 0 ; 0 ; 0 ; 0 ; 0 ; 
org::eclipse::osgi::internal::baseadaptor::AdaptorMsg ; 0 ; 0 ; 0 ; 0 ; 0 ; 0 ; 4.76158e-4 ; 9.09528e-4 ; 0 ; 0 ; 7.03953e-4 ; 0 ; 0 ; 0.0 ; 0 ; 0 ; 0 ; 0 ; 0 ; 0 ; 0 ; 0 ; 
thread::locktest::Activator ; 0 ; 0 ; 0 ; 0 ; 0 ; 0 ; 0 ; 0 ; 0 ; 0 ; 0 ; 0 ; 0 ; 0 ; 0 ; 0 ; 0 ; 0 ; 0 ; 0 ; 0 ; 0 ; 
legacy::lazystart::FalseExceptionLegacy1 ; 0 ; 0 ; 0 ; 0 ; 0 ; 0 ; 0 ; 0 ; 0 ; 0 ; 0 ; 0 ; 0 ; 0 ; 0 ; 0 ; 0 ; 0 ; 0 ; 0 ; 0 ; 0 ; 
legacy::lazystart::c::excluded::a::CAExcluded ; 0 ; 0 ; 0 ; 0 ; 0 ; 0 ; 0 ; 0 ; 0 ; 0 ; 0 ; 0 ; 0 ; 0 ; 0 ; 0 ; 0 ; 0 ; 0 ; 0 ; 0 ; 0 ; 
org::eclipse::osgi::framework::internal::protocol::bundleentry::Handler ; 1.14076e-5 ; 0 ; 0 ; 1.10778e-5 ; 0 ; 0 ; 0 ; 1.29599e-5 ; 0 ; 0 ; 0.00500521 ; 0 ; 0 ; 0 ; 0 ; 0 ; 0 ; 0 ; 0 ; 0 ; 0 ; 0 ; 
org::eclipse::core::runtime::internal::adaptor::CachedManifest ; 0.0324607 ; 0 ; 1.41675e-4 ; 0.0337161 ; 0 ; 0 ; 0 ; 0 ; 0.0316868 ; 0 ; 0 ; 7.83187e-5 ; 0 ; 0.0 ; 0 ; 0.0325249 ; 0.0321591 ; 0 ; 0 ; 0 ; 0 ; 0 ; 
org::eclipse::osgi::signedcontent::InvalidContentException ; 0 ; 0 ; 0 ; 0 ; 0 ; 0 ; 0 ; 0 ; 0 ; 0 ; 0 ; 0 ; 0 ; 0 ; 0 ; 0 ; 0 ; 0 ; 0 ; 0 ; 0 ; 0 ; 
org::eclipse::osgi::framework::internal::core::FilterImpl ; 0.0473764 ; 0 ; 0.0121302 ; 0.0336655 ; 0.00162684 ; 0 ; 1.01862e-5 ; 0 ; 0.0358611 ; 0.00165013 ; 2.18012e-4 ; 0 ; 7.28331e-4 ; 0 ; 0.00113796 ; 0.0375622 ; 0.00452168 ; 5 ; 0 ; 0 ; 0 ; 0 ; 
org::eclipse::osgi::internal::resolver::ExportPackageDescriptionImpl ; 9.13955e-5 ; 0 ; 6.60019e-5 ; 8.4764e-5 ; 0.0291626 ; 0 ; 0.0274282 ; 0 ; 0.0317087 ; 0.0311963 ; 3.08111e-4 ; 0.0247012 ; 0 ; 0 ; 8.2826e-5 ; 0.0324965 ; 0.032165 ; 1 ; 0 ; 0 ; 0 ; 0 ; 
host::multiple::exports::PublicClass1 ; 0 ; 0 ; 0 ; 0 ; 0 ; 0 ; 0 ; 0 ; 0 ; 0 ; 0 ; 0 ; 0 ; 0 ; 0 ; 0 ; 0 ; 0 ; 0 ; 0 ; 0 ; 0 ; 
org::eclipse::osgi::internal::provisional::service::security::AuthorizationEngine ; 0 ; 0 ; 0 ; 0 ; 0 ; 0 ; 0 ; 0 ; 0 ; 0 ; 0 ; 0 ; 0 ; 0 ; 0 ; 0 ; 0 ; 1 ; 0 ; 0 ; 0 ; 0 ; 
org::eclipse::osgi::internal::signedcontent::DigestedInputStream ; 0 ; 0 ; 0 ; 0 ; 0 ; 0 ; 0 ; 0 ; 0 ; 0 ; 0 ; 0 ; 0 ; 0 ; 0 ; 0 ; 0 ; 0 ; 0 ; 0 ; 0 ; 0 ; 
org::eclipse::osgi::internal::resolver::StateBuilder ; 0.0131995 ; 0 ; 7.92435e-6 ; 0.0130346 ; 0.0387013 ; 0 ; 1.27718e-4 ; 0 ; 0.0486631 ; 0.041244 ; 2.06573e-4 ; 9.05148e-5 ; 0.0371777 ; 1.36369e-4 ; 0 ; 0.0414738 ; 0.0410564 ; 2 ; 0 ; 0 ; 0 ; 0 ; 
org::eclipse::core::runtime::internal::stats::ClassStats ; 0 ; 0 ; 0 ; 0 ; 0 ; 0 ; 0 ; 0 ; 0 ; 0 ; 2.06573e-4 ; 0 ; 0 ; 0 ; 0 ; 0 ; 0 ; 0 ; 0 ; 0 ; 0 ; 0 ; 
host::multiple::exports::PrivateClass1 ; 0 ; 0 ; 0 ; 0 ; 0 ; 0 ; 0 ; 0 ; 0 ; 0 ; 0 ; 0 ; 0 ; 0 ; 0 ; 0 ; 0 ; 0 ; 0 ; 0 ; 0 ; 0 ; 
org::eclipse::osgi::internal::resolver::BundleSpecificationImpl ; 1.25055e-5 ; 0 ; 0 ; 1.24119e-5 ; 9.49862e-6 ; 0 ; 0 ; 0 ; 0.0314428 ; 1.15311e-5 ; 2.18012e-4 ; 0 ; 0 ; 0 ; 0 ; 1.11623e-5 ; 1.06555e-5 ; 1 ; 0 ; 0 ; 0 ; 0 ; 
org::eclipse::osgi::framework::internal::core::ConditionalPermissionAdminImpl ; 8.55865e-4 ; 0 ; 0 ; 8.8051e-4 ; 2.11494e-5 ; 0 ; 6.29241e-5 ; 0 ; 0.0315662 ; 2.38824e-5 ; 2.28997e-4 ; 7.12761e-5 ; 1.68992e-5 ; 6.63223e-5 ; 2.36048e-5 ; 1.33573e-4 ; 9.63262e-5 ; 0 ; 0 ; 0 ; 0 ; 0 ; 
org::eclipse::osgi::framework::internal::core::ReferenceInputStream ; 0 ; 0 ; 0 ; 0 ; 0 ; 0 ; 0 ; 0 ; 0 ; 0 ; 0.00835768 ; 0 ; 0 ; 0 ; 0 ; 0 ; 0 ; 0 ; 0 ; 0 ; 0 ; 0 ; 
osgi::lazystart::a::Activator ; 0 ; 0 ; 0 ; 0 ; 0 ; 0 ; 0 ; 0 ; 0 ; 0 ; 0 ; 0 ; 0 ; 0 ; 0 ; 0 ; 0 ; 0 ; 0 ; 0 ; 0 ; 0 ; 
org::eclipse::osgi::internal::signedcontent::DNChainMatching ; 0 ; 0 ; 0 ; 0 ; 0 ; 0 ; 0 ; 0 ; 0 ; 0 ; 0 ; 0 ; 0 ; 0 ; 0 ; 0 ; 0 ; 0 ; 0 ; 0 ; 0 ; 0 ; 
org::eclipse::core::runtime::internal::adaptor::EclipseAdaptorMsg ; 0.00132847 ; 0 ; 0 ; 0.00153126 ; 3.73172e-4 ; 0 ; 0.0620661 ; 9.09528e-4 ; 5.09187e-4 ; 4.3238e-4 ; 7.03953e-4 ; 0 ; 8.39144e-4 ; 0.0546469 ; 0.0 ; 5.17779e-4 ; 4.75194e-4 ; 0 ; 0 ; 0 ; 0 ; 0 ; 
org::eclipse::osgi::internal::baseadaptor::BaseClassLoadingHook ; 9.95515e-5 ; 0 ; 0.0 ; 0 ; 3.92342e-5 ; 0 ; 1.08324e-4 ; 0 ; 3.6015e-4 ; 6.21052e-5 ; 0 ; 1.1286e-4 ; 0 ; 0 ; 6.39618e-5 ; 3.73909e-4 ; 3.59911e-4 ; 1 ; 0 ; 0 ; 0 ; 0 ; 
org::eclipse::osgi::baseadaptor::bundlefile::NestedDirBundleFile ; 0 ; 0 ; 0 ; 0 ; 0 ; 0 ; 0 ; 0 ; 0 ; 0 ; 0.00734383 ; 0 ; 0 ; 0 ; 0 ; 0 ; 0 ; 1 ; 0 ; 1 ; 1 ; 0 ; 
org::eclipse::osgi::framework::launcher::Launcher ; 0.00225246 ; 0 ; 0 ; 0.00174684 ; 0 ; 0 ; 0 ; 0 ; 0.00325326 ; 0 ; 2.06573e-4 ; 0 ; 2.73885e-5 ; 0 ; 0 ; 0.00239797 ; 0.00234142 ; 1 ; 0 ; 0 ; 0 ; 0 ; 
org::eclipse::osgi::framework::internal::core::ServiceReferenceImpl ; 0.00214941 ; 0.0 ; 4.08454e-4 ; 0.00146212 ; 2.4609e-5 ; 0 ; 0 ; 0 ; 0.0336022 ; 2.76458e-5 ; 0.00128139 ; 0 ; 1.67731e-5 ; 0.0275321 ; 1.1757e-5 ; 0.0327396 ; 0.00210375 ; 1 ; 0 ; 0 ; 0 ; 0 ; 
org::eclipse::osgi::baseadaptor::bundlefile::FileBundleEntry ; 0 ; 0 ; 0 ; 0 ; 0 ; 0 ; 0 ; 0 ; 0 ; 0 ; 0 ; 0 ; 0 ; 0 ; 0 ; 0 ; 0 ; 0 ; 0 ; 0 ; 0 ; 0 ; 
fragment::test::attach::host::a::Activator ; 0 ; 0 ; 0 ; 0 ; 0 ; 0 ; 0 ; 0 ; 0 ; 0 ; 0 ; 0 ; 0 ; 0 ; 0 ; 0 ; 0 ; 0 ; 0 ; 0 ; 0 ; 0 ; 
org::osgi::util::tracker::ServiceTracker ; 0.0279261 ; 0 ; 0.0320779 ; 4.93515e-4 ; 4.69589e-4 ; 0.0 ; 5.08821e-4 ; 0 ; 9.01402e-4 ; 8.28432e-4 ; 2.06573e-4 ; 4.97454e-4 ; 8.59753e-5 ; 3.40267e-5 ; 0 ; 0.00152073 ; 0.00110187 ; 1 ; 0 ; 0 ; 0 ; 0 ; 
org::eclipse::osgi::framework::internal::core::BundleRepository ; 2.33763e-5 ; 0 ; 1.20693e-5 ; 2.20325e-5 ; 9.49862e-6 ; 0 ; 5.03083e-4 ; 0 ; 4.5397e-4 ; 1.15311e-5 ; 2.06573e-4 ; 5.83227e-4 ; 0 ; 0 ; 1.1757e-5 ; 2.13224e-5 ; 2.1104e-5 ; 1 ; 0 ; 0 ; 0 ; 0 ; 
org::eclipse::osgi::internal::module::ResolverBundle ; 0.0433853 ; 2.15494e-5 ; 0.0120437 ; 0.0398061 ; 0.0476004 ; 0 ; 0.00525319 ; 0.0253972 ; 0.0779461 ; 0.0538013 ; 0.00911123 ; 1.69648e-4 ; 0.0348991 ; 0 ; 0.00805733 ; 0.0793916 ; 0.0735568 ; 1 ; 0 ; 0 ; 0 ; 0 ; 
substitutes::x::Mx ; 0 ; 0 ; 0 ; 0 ; 0 ; 0 ; 0 ; 0 ; 0 ; 0 ; 0 ; 0 ; 0 ; 0 ; 0 ; 0 ; 0 ; 0 ; 0 ; 0 ; 0 ; 0 ; 
substitutes::q::BFq ; 0 ; 0 ; 0 ; 0 ; 0 ; 0 ; 0 ; 0 ; 0 ; 0 ; 0 ; 0 ; 0 ; 0 ; 0 ; 0 ; 0 ; 0 ; 0 ; 0 ; 0 ; 0 ; 
org::eclipse::osgi::internal::baseadaptor::BaseStorageHook ; 0.0180581 ; 0 ; 4.70943e-4 ; 0.0181019 ; 0.00980459 ; 0 ; 2.17171e-4 ; 0 ; 0.0209274 ; 0.0103454 ; 0 ; 0 ; 0 ; 0 ; 0.00812465 ; 0.0172082 ; 0.0171101 ; 4 ; 0 ; 0 ; 0 ; 0 ; 
